filename,mse,psnr,ssim,lpips,inference_ms
000000.npy,0.000682133,31.661309423684344,0.8927629750551656,0.1310880482196808,469.24969999236055
000001.npy,0.0006769384,31.694508365229108,0.8593265998517274,0.14065131545066833,12.668300012592226
000002.npy,0.0005931803,32.26813259791576,0.871520851063624,0.1650499552488327,12.113300006603822
000003.npy,0.00050763495,32.94448538802152,0.8834776263356209,0.205415740609169,12.154900003224611
000004.npy,0.007397001,21.3094432258356,0.5847949106441875,0.38132861256599426,12.09289999678731
000005.npy,0.0014551634,28.370882248698802,0.6411853896876406,0.39992499351501465,12.16980000026524
000006.npy,0.0014418856,28.41069208458221,0.6359774659198523,0.40209510922431946,12.136899982579052
000007.npy,0.0014728673,28.31836345804632,0.6439057877696058,0.3916376829147339,12.141499988501891
000008.npy,0.0063265455,21.98833373859744,0.6962387373490916,0.2849147319793701,12.066399998730049
000009.npy,0.0039375937,24.047690925816077,0.7294185734953992,0.23307985067367554,12.070500000845641
000010.npy,0.0032965438,24.819411300208905,0.7306015701094847,0.23884359002113342,12.100499996449798
000011.npy,0.0038082462,24.192749725742104,0.7410421876090728,0.23152393102645874,12.160299986135215
000012.npy,0.0008754483,30.577694942473023,0.7325179121752977,0.40188607573509216,12.1373999863863
000013.npy,0.0034767585,24.588254559068506,0.8867454129194617,0.2076392024755478,12.127399997552857
000014.npy,0.0026050871,25.841777252835758,0.9125047690154612,0.15039610862731934,12.126600020565093
000015.npy,0.0036558097,24.370164136366572,0.8878286656804383,0.1751391887664795,12.12249998934567
000016.npy,0.0015397455,28.125510607642955,0.7833132219634429,0.22325929999351501,12.163400009740144
000017.npy,0.0036849591,24.335673191585112,0.8409901835272461,0.17112261056900024,12.190399982500821
000018.npy,0.0036781924,24.343655965164082,0.8352177961295825,0.18381254374980927,12.539700022898614
000019.npy,0.0037454546,24.264954662498024,0.8416452484096755,0.17829957604408264,12.31809999444522
000020.npy,0.0007314808,31.357970656420928,0.8253523511862755,0.2863566279411316,12.073000019881874
000021.npy,0.00064533774,31.902129605221315,0.8798175503188967,0.22178024053573608,12.156299984781072
000022.npy,0.00066513533,31.770899849543973,0.8750402289066315,0.21951371431350708,12.190999987069517
000023.npy,0.0006073855,32.16535587992611,0.8810242779022157,0.2350209504365921,12.148300011176616
000024.npy,0.010331359,19.858425595976477,0.5864894215707853,0.4325968623161316,12.060499982908368
000025.npy,0.0051147733,22.911736029546034,0.713060481069073,0.30496177077293396,12.186000007204711
000026.npy,0.0049604317,23.044805315511713,0.7139956204749197,0.3078107535839081,12.161499995272607
000027.npy,0.005201254,22.838918971661336,0.7066564800491333,0.30336830019950867,12.070099997799844
000028.npy,0.0015024152,28.23210018252578,0.6782242840709686,0.44384196400642395,12.159800011431798
000029.npy,0.0029223156,25.342728891965187,0.7632445412139688,0.20266717672348022,12.144199979957193
000030.npy,0.0024076672,26.184035139202866,0.7774928964348184,0.22331282496452332,12.20830000238493
000031.npy,0.0027554242,25.598115252627043,0.7729034491250971,0.20755931735038757,12.07199998316355
000032.npy,0.00084185443,30.747629836755003,0.8751274951234329,0.21435494720935822,12.115499994251877
000033.npy,0.003273724,24.849579449855874,0.6559604595802464,0.27949202060699463,12.208000000100583
000034.npy,0.002868203,25.42390081775892,0.6134284469958308,0.33683329820632935,12.051700003212318
000035.npy,0.0033971376,24.688868600363783,0.6556652375475955,0.268189013004303,12.176699994597584
000036.npy,0.0011096029,29.54832409251893,0.768502983143501,0.4179401695728302,12.124600005336106
000037.npy,0.0022931437,26.39568749445004,0.5820265671545416,0.3392658233642578,12.086100003216416
000038.npy,0.002495589,26.028269480972163,0.5825283215368776,0.3470839858055115,12.213500012876466
000039.npy,0.0023157108,26.35315667322967,0.5854666764937752,0.35528072714805603,12.102400010917336
000040.npy,0.0030381535,25.173902969135934,0.7717878503487203,0.21446017920970917,12.079300009645522
000041.npy,0.002292913,26.39612406603252,0.8641272399292886,0.12595635652542114,12.062399997375906
000042.npy,0.002995377,25.235485425809433,0.8447263795176149,0.11805538833141327,12.15659998706542
000043.npy,0.0023443946,26.299692788281824,0.8604134628202915,0.13127443194389343,12.141500017605722
000044.npy,0.010372788,19.84104516131041,0.7500845004375651,0.25358304381370544,12.097700004233047
000045.npy,0.0037128476,24.302928797253145,0.711726910946205,0.3225138485431671,12.12390000000596
000046.npy,0.003762414,24.24533438471617,0.7247947905770782,0.29846781492233276,12.17439997708425
000047.npy,0.0040510413,23.924333195884632,0.704738925115753,0.35093873739242554,12.065699993399903
000048.npy,0.0009676923,30.142627107930593,0.882365665719368,0.19314083456993103,12.137200013967231
000049.npy,0.01711633,17.665893433678406,0.2529804658536503,0.8193584680557251,12.756099982652813
000050.npy,0.01733943,17.609651822792582,0.258316837157267,0.8301981687545776,12.17580001684837
000051.npy,0.018015563,17.443521219387737,0.25707204565475666,0.7952039241790771,12.167499982751906
000052.npy,0.0023696083,26.25323403082282,0.3722978300524354,0.6925216913223267,12.386499991407618
000053.npy,0.0025592502,25.918872375485925,0.7013512881857715,0.35372209548950195,12.143400002969429
000054.npy,0.0023650758,26.26154948531823,0.7010787876896076,0.3318232595920563,12.075199978426099
000055.npy,0.001873617,27.273192151252893,0.7728265202738717,0.2595406770706177,12.091599986888468
000056.npy,0.0017837792,27.486588802946304,0.8891210129528642,0.12509112060070038,12.464500003261492
000057.npy,0.0008529241,30.690896387525967,0.6898808895433545,0.3920593857765198,12.189600005513057
000058.npy,0.00073631795,31.329345889463475,0.7101462598991394,0.4528714418411255,12.206299987155944
000059.npy,0.00083192775,30.799143931685098,0.688584195656471,0.43449217081069946,12.075500009814277
000060.npy,0.0021867105,26.602087030405237,0.6672694389707595,0.3527761399745941,12.118199985707179
000061.npy,0.00076336757,31.172662903659237,0.7877034838247895,0.3206758201122284,12.225700018461794
000062.npy,0.0008943756,30.484800482266937,0.7622299998726845,0.29642751812934875,12.096199992811307
000063.npy,0.0008389626,30.762574008156463,0.7849584127219915,0.3483957350254059,12.153199990279973
000064.npy,0.0012125474,29.163012721044264,0.9017220453774333,0.16390348970890045,12.050499994074926
000065.npy,0.0018186274,27.40256281960752,0.7340342141241394,0.24302010238170624,12.105800007702783
000066.npy,0.0016914124,27.717504842148905,0.7522421904716343,0.2362101972103119,12.132099975133315
000067.npy,0.0022355525,26.506151387166547,0.7302331227600575,0.29553118348121643,12.096299993572757
000068.npy,0.0013655059,28.64706415712479,0.7461782777945996,0.37858301401138306,12.428300018655136
000069.npy,0.00049767975,33.03050026834674,0.9204230286724567,0.08001575618982315,12.07369999610819
000070.npy,0.0005150846,32.88121414747125,0.9223144421609044,0.07467081397771835,12.080099986633286
000071.npy,0.00048549875,33.138118600402024,0.9240686080236435,0.0793803334236145,12.101600004825741
000072.npy,0.0027809832,25.55801588040002,0.7483037190184575,0.2573228180408478,12.081799999577925
000073.npy,0.0031745392,24.98319300987093,0.6361286370998323,0.36985453963279724,12.078500003553927
000074.npy,0.0032319655,24.90533262955763,0.6506757714502961,0.3454342186450958,12.113699980545789
000075.npy,0.0035911757,24.447633459542423,0.6469862027569041,0.31025123596191406,12.190100009320304
000076.npy,0.00056405604,32.486777429911456,0.8835069171727746,0.17198431491851807,12.081699998816475
000077.npy,0.00048616153,33.1321941666802,0.8233450167512893,0.3454391062259674,12.320100009674206
000078.npy,0.00096526725,30.153524254122793,0.711992366015315,0.4904061257839203,12.145799992140383
000079.npy,0.0004999602,33.01064524772662,0.8117337009717226,0.32520827651023865,12.059399974532425
000080.npy,0.0029398077,25.316810553520654,0.822340956937938,0.18808791041374207,12.174999981652945
000081.npy,0.0023456288,26.297406802271546,0.7777421810880899,0.25431618094444275,12.176699994597584
000082.npy,0.0022806718,26.419372031516165,0.7769117083817567,0.23034954071044922,12.492499983636662
000083.npy,0.0022643493,26.45056564659589,0.7714569810003266,0.25317928194999695,12.268599995877594
000084.npy,0.0051272027,22.901194958505098,0.6198589741387968,0.3477502167224884,12.051799974869937
000085.npy,0.008961912,20.475992909716048,0.7394635479302841,0.2578312158584595,12.240399984875694
000086.npy,0.011640891,19.340137678067432,0.7196178021061271,0.2642906904220581,12.089700001524761
000087.npy,0.010297414,19.8727182197975,0.7321361227459497,0.28189975023269653,12.590799975441769
000088.npy,0.00030672603,35.132493961783744,0.9350103929946423,0.13208648562431335,12.164700019638985
000089.npy,0.0012025788,29.198864678072802,0.8260758852840364,0.19424083828926086,12.110100011341274
000090.npy,0.00085396494,30.68559942698855,0.8705071990939826,0.14113177359104156,12.092499993741512
000091.npy,0.0008877514,30.517086201155898,0.8639976977872104,0.14074353873729706,12.060800014296547
000092.npy,0.0024431767,26.120451300418146,0.6827061128445772,0.3359297811985016,12.073099991539493
000093.npy,0.0003205265,34.941360616405774,0.8566808552274704,0.28951916098594666,12.06920002005063
000094.npy,0.00049333373,33.068592225110244,0.8434079343016148,0.25242185592651367,12.1256000129506
000095.npy,0.00030898018,35.10069411304298,0.8605802043566704,0.28389063477516174,12.079400010406971
000096.npy,0.00846499,20.723735702359573,0.693966140301202,0.31814926862716675,12.252999993506819
000097.npy,0.001305804,28.841219730381663,0.7755577866239324,0.4460052251815796,12.103899993235245
000098.npy,0.0012528903,29.020869611668726,0.7717452841818333,0.4403446316719055,12.086600007023662
000099.npy,0.0013393322,28.73111694387947,0.7712237669581175,0.44957178831100464,12.133699987316504
000100.npy,0.00062415324,32.04708771402189,0.8713554873521328,0.1623455137014389,12.092399992980063
000101.npy,0.00048588996,33.134620549094464,0.8268132795600891,0.38837406039237976,12.087799987057224
000102.npy,0.00058943336,32.29565255006911,0.7992598362438083,0.3715910017490387,12.055600003805012
000103.npy,0.00058276014,32.345101408495296,0.8043000643674731,0.36917844414711,12.114300014218315
000104.npy,0.0018772065,27.264879469739277,0.779035823354722,0.23218941688537598,12.05869999830611
000105.npy,0.0005692097,32.44727738711107,0.9414773097829818,0.06556399166584015,12.056099978508428
000106.npy,0.0003833847,34.163652354549264,0.9508026730294228,0.05551983788609505,12.076000013621524
000107.npy,0.0005451478,32.634857020874456,0.9443777358942032,0.06900212168693542,12.088000017683953
000108.npy,0.013178169,18.801449368000483,0.6484961717048602,0.31079599261283875,12.515800015535206
000109.npy,0.0053995997,22.67638432697048,0.8005160633008741,0.14771056175231934,12.333699996815994
000110.npy,0.003993056,23.98694637862324,0.8039313628481031,0.16700416803359985,12.501000019256026
000111.npy,0.0038096206,24.19118261298849,0.7999963392645567,0.15082471072673798,12.580999988131225
000112.npy,0.0023600084,26.270864533930176,0.7444788041909933,0.2520342171192169,12.063900008797646
000113.npy,0.00073646934,31.32845333939869,0.7581667390832901,0.41557228565216064,12.169699999503791
000114.npy,0.0009518536,30.214298534811135,0.7221291857526861,0.441305935382843,12.288600002648309
000115.npy,0.0010120794,29.94785377716264,0.8922525533835143,0.2779141068458557,12.340099987341091
000116.npy,0.0026163612,25.82302310362242,0.66253400400603,0.34898218512535095,12.341900001047179
000117.npy,0.0023731773,26.246698147031246,0.6757464852429926,0.3397825062274933,12.472600006731227
000118.npy,0.0022941427,26.393795549397932,0.6727326940880418,0.34628045558929443,12.09880001260899
000119.npy,0.0024236024,26.155386239251165,0.6639577752540484,0.33438122272491455,12.29890002286993
000120.npy,0.0014298552,28.447079355719534,0.8476673869040869,0.23679697513580322,12.167799985036254
000121.npy,0.00044946116,33.473078436829596,0.9363338290541172,0.06273696571588516,12.334900005953386
000122.npy,0.00078284263,31.063255339030707,0.8877928862490552,0.0908641666173935,12.223900004755706
000123.npy,0.0007603507,31.18986051543021,0.9045135479004384,0.07705000042915344,12.106599984690547
000124.npy,0.0043522455,23.612866094402886,0.8197652729340531,0.20794686675071716,12.206700019305572
000125.npy,0.0016321786,27.872323427435575,0.8191334172619135,0.18214382231235504,12.134799995692447
000126.npy,0.0015201545,28.181122414631577,0.8231456462895572,0.1862279623746872,12.112600001273677
000127.npy,0.0015551304,28.08233199545024,0.8259326307501793,0.17538483440876007,12.089700001524761
000128.npy,0.00059162755,32.27951591301026,0.7670133050187826,0.39132407307624817,12.098000006517395
000129.npy,0.0043068198,23.658432875701784,0.785743466088377,0.25020521879196167,12.276800000108778
000130.npy,0.003891347,24.09900025565912,0.8077852254182101,0.2260616421699524,12.15359999332577
000131.npy,0.0037846656,24.21972484736006,0.8099517332599908,0.2299460768699646,12.240000010933727
000132.npy,0.000838587,30.76451881523713,0.8670363950486295,0.2540335953235626,12.156400014646351
000133.npy,0.0062036407,22.073533592406935,0.34307235098924393,0.6626941561698914,12.326199997914955
000134.npy,0.0019102911,27.18900433045065,0.5229393916073963,0.43402040004730225,13.520499982405454
000135.npy,0.006661295,21.764413458001826,0.37008174980405345,0.6538270711898804,13.763199996901676
000136.npy,0.0014575052,28.363898879795933,0.8630651840491295,0.19575385749340057,13.79959998303093
000137.npy,0.0012662788,28.97470650373723,0.7210049105451312,0.3326805531978607,13.745299977017567
000138.npy,0.0013425581,28.72066921971883,0.7159623592788578,0.3459472358226776,13.895699987187982
000139.npy,0.0012730109,28.951678551178368,0.7164681495268493,0.3289187252521515,13.959299976704642
000140.npy,0.0040260083,23.95125338021231,0.7782586524203746,0.16859503090381622,14.070899982471019
000141.npy,0.002846332,25.457144296893382,0.8664877411133051,0.09549824148416519,14.184300001943484
000142.npy,0.0028373697,25.47084071574815,0.8633721772886663,0.0908374935388565,14.239199983421713
000143.npy,0.0031843074,24.96985020436896,0.8446408061847827,0.1076917052268982,14.21320001827553
000144.npy,0.0018943071,27.225496247084475,0.6465535524362959,0.33566445112228394,14.527799998177215
000145.npy,0.0008177758,30.873657360767805,0.5803808322603703,0.5905565023422241,14.510999986669049
000146.npy,0.0008935407,30.4888569886506,0.5734582643659115,0.5777974128723145,14.53459999174811
000147.npy,0.00079391035,31.00228551567391,0.5835913889298439,0.5879751443862915,14.437600009841844
000148.npy,0.0027966108,25.533679436739085,0.7235033751259279,0.24989667534828186,14.545800018822774
000149.npy,0.001387351,28.57813666938638,0.5238347973868847,0.5737259387969971,14.529300009598956
000150.npy,0.0015028145,28.23094615110149,0.5292558098282781,0.5177087187767029,14.648300013504922
000151.npy,0.0014631216,28.34719568264589,0.5274358416953632,0.5315980911254883,14.772299997275695
000152.npy,0.004841186,23.150482060200765,0.602905000268803,0.42843860387802124,14.751800015801564
000153.npy,0.0011349168,29.450359867865856,0.6951097284067274,0.5550525188446045,14.802500023506582
000154.npy,0.0010437078,29.814210446842345,0.7172786388990879,0.4967767298221588,14.976500009652227
000155.npy,0.0011647131,29.337810567304704,0.6968377151769288,0.4791485071182251,15.028800000436604
000156.npy,0.0023608266,26.269358985514234,0.8864025819467529,0.0830613523721695,15.050499991048127
000157.npy,0.0005826155,32.34617938776077,0.9157941129294038,0.11376679688692093,15.198899985989556
000158.npy,0.0005066807,32.952656651059385,0.9256284072849751,0.10485777258872986,15.198500012047589
000159.npy,0.0004690747,33.28757993559925,0.9336907737631798,0.10009105503559113,15.174800006207079
000160.npy,0.0007975453,30.982446593289946,0.8932155825144052,0.11593903601169586,15.412600012496114
000161.npy,0.00089901156,30.462347123212055,0.8937505333867073,0.09136714041233063,15.42800001334399
000162.npy,0.0010215379,29.907454834990883,0.8928324236147486,0.1026710644364357,15.416699985507876
000163.npy,0.00078277336,31.06363967444196,0.9107649369459748,0.09263699501752853,15.707299986388534
000164.npy,0.0028580644,25.43927973267536,0.7120741865328699,0.33098846673965454,15.724800003226846
000165.npy,0.0010539395,29.771843441523256,0.8278869828997404,0.16170978546142578,16.498399985721335
000166.npy,0.0010934282,29.612097132735506,0.8059537689322419,0.17594140768051147,16.12440001918003
000167.npy,0.000931831,30.306628346515964,0.8216839615581595,0.19395241141319275,16.172500007087365
000168.npy,0.003582199,24.458502790977683,0.7491974612229914,0.24306130409240723,16.16300002206117
000169.npy,0.0005346772,32.719083479686624,0.7924626340072155,0.4412740170955658,16.136500024003908
000170.npy,0.0004908389,33.09061035184628,0.8143951783115492,0.40080541372299194,16.70219999505207
000171.npy,0.00031074844,35.07591060938984,0.9048682355618477,0.2488502562046051,16.153200005646795
000172.npy,0.0017074246,27.676584437162933,0.5097638797431588,0.5610509514808655,16.1835000035353
000173.npy,0.00423848,23.727898593173514,0.25603881391808636,0.850078284740448,16.258799994830042
000174.npy,0.0037973188,24.20522936926786,0.2607848948452659,0.8759742975234985,16.17330001317896
000175.npy,0.00396554,24.01697698354825,0.27049336397476864,0.8401143550872803,16.163199994480237
000176.npy,0.0036199233,24.41300625538009,0.6976841412640941,0.2700997591018677,16.41500002006069
000177.npy,0.0023716416,26.249509369059997,0.3627787925026491,0.7394994497299194,16.492900002049282
000178.npy,0.0009462651,30.239871513185562,0.5458277375483512,0.6687861084938049,16.426999995019287
000179.npy,0.0024023075,26.193713853202585,0.33876121780061724,0.7925971150398254,16.46369998343289
000180.npy,0.00022212008,36.5341215566106,0.9260445894041062,0.16986480355262756,16.4589999767486
000181.npy,0.0013607189,28.662316298998434,0.7375351563434303,0.2601834237575531,16.496900003403425
000182.npy,0.0015515285,28.09240257911094,0.7490668260129224,0.23861557245254517,16.753100004279986
000183.npy,0.0015904594,27.984774295504305,0.7401579054804593,0.2293979674577713,16.760700003942475
000184.npy,0.0041463985,23.823289534311645,0.6448021081744395,0.38810282945632935,16.87980000860989
000185.npy,0.0005441539,32.642782402362265,0.906424494355917,0.15096263587474823,16.983200010145083
000186.npy,0.00072838983,31.376361590638137,0.8914170545696766,0.14755624532699585,16.963400004897267
000187.npy,0.00073175586,31.356337762266435,0.8894898639387936,0.14279618859291077,17.059799982234836
000188.npy,0.0032338335,24.902823645956286,0.7455124098964098,0.3068428337574005,16.98200000100769
000189.npy,0.0031080088,25.07517749759101,0.7825334861047604,0.20624816417694092,17.022699990775436
000190.npy,0.0028660118,25.427220301609918,0.786241909486683,0.19768625497817993,16.984600020805374
000191.npy,0.0027416884,25.61981895451387,0.7762073409284651,0.19391117990016937,17.159300012281165
000192.npy,0.0014572217,28.364743628312326,0.9139290389006697,0.18473440408706665,17.156600020825863
000193.npy,0.0016446037,27.839387709008893,0.8949023375787512,0.09391561895608902,17.2696000081487
000194.npy,0.0013441442,28.715541195462386,0.9031759042507727,0.10285911709070206,17.36430000164546
000195.npy,0.0012638611,28.983006554308783,0.9057588798625469,0.1082741767168045,17.27870001923293
000196.npy,0.0034102285,24.672165488546742,0.6903155362151563,0.3019764721393585,17.278899991651997
000197.npy,0.001453297,28.37645624691431,0.7914636514837481,0.2865876257419586,17.337199999019504
000198.npy,0.0016698374,27.773257868316612,0.7658910785999448,0.2705112397670746,17.41050000418909
000199.npy,0.0018384372,27.355512122098013,0.7577172621164154,0.2580134868621826,17.513300001155585
000200.npy,0.0020597964,26.861757268834214,0.38108044597256185,0.8046689629554749,17.700399999739602
000201.npy,0.00067365327,31.715635659535213,0.7129531876361072,0.5253737568855286,17.699499992886558
000202.npy,0.0005320476,32.74049530106433,0.7508254370503425,0.4795388877391815,17.672100017080083
000203.npy,0.00052147266,32.827684531818406,0.7468490822730064,0.47556060552597046,17.85190001828596
000204.npy,0.0034650294,24.602930888193413,0.8599426474723126,0.22376427054405212,17.799699999159202
000205.npy,0.005565782,22.544737705984726,0.7524078397596968,0.2604963183403015,18.04869997431524
000206.npy,0.0073178443,21.35616826422178,0.7114017766633891,0.2682197690010071,18.21810001274571
000207.npy,0.0064005237,21.937845174910613,0.741037084285751,0.2732016146183014,18.174500000895932
000208.npy,0.0006740208,31.71326691279608,0.736377855505228,0.38421958684921265,18.202000006567687
000209.npy,0.0007069005,31.506417333977748,0.744535847885089,0.3897949159145355,18.333899992285296
000210.npy,0.00064476917,31.905957542291503,0.7554582396662235,0.3723073899745941,18.226399988634512
000211.npy,0.000732405,31.352486925959575,0.7359997896882295,0.4063209593296051,18.354400002863258
000212.npy,0.0009752138,30.109001499052308,0.8905439943047883,0.12798897922039032,18.458200007444248
000213.npy,0.00029199736,35.34621089532141,0.9103428318815231,0.19558069109916687,18.54650001041591
000214.npy,0.00019824863,37.02789822845706,0.9350816111726761,0.12182360142469406,18.35710002342239
000215.npy,0.00021651546,36.64511109168832,0.9355605048251152,0.13240748643875122,18.34209999651648
000216.npy,0.0009214084,30.355478281834625,0.8863226011805534,0.15126940608024597,18.658500019228086
000217.npy,0.0010022928,29.99005346233522,0.7999719024357795,0.2663958668708801,18.718200008152053
000218.npy,0.00087985455,30.55589125398531,0.8338171697884798,0.24415922164916992,18.6591999954544
000219.npy,0.0007201511,31.425763789552093,0.8489760025362968,0.2342870831489563,18.89629999641329
000220.npy,0.00044718193,33.49515734616256,0.7883783930511474,0.3547537922859192,18.907499994384125
000221.npy,0.004153461,23.815898525847246,0.6949456471307728,0.2921428978443146,18.867400009185076
000222.npy,0.003173132,24.98511853634637,0.7140322234447952,0.29478251934051514,19.006299989996478
000223.npy,0.005682255,22.45479267072909,0.7734302070544921,0.2262498438358307,19.017399987205863
000224.npy,0.0033713463,24.721966396188613,0.45759136111187937,0.5089185833930969,19.40150000154972
000225.npy,0.0021367217,26.702520078835875,0.4815101522437036,0.5852651000022888,19.470200000796467
000226.npy,0.0029780243,25.260717584513195,0.43407635058563854,0.6299055814743042,19.39719999791123
000227.npy,0.0026557217,25.758174309617573,0.45039098971531166,0.6028145551681519,19.606900023063645
000228.npy,0.012078099,19.180014224863527,0.7899584260740653,0.13900262117385864,19.61789999040775
000229.npy,0.007988388,20.97540855948891,0.7483460536242929,0.2638278007507324,19.65919998474419
000230.npy,0.008391984,20.761353170335596,0.722146843299062,0.30353572964668274,19.75120001588948
000231.npy,0.007168005,21.446016860930108,0.723904295059813,0.2735976576805115,19.743500015465543
000232.npy,0.0065056714,21.867078565536136,0.712606775296757,0.3511715531349182,19.846900017000735
000233.npy,0.0047668656,23.217671086855983,0.6744106134858578,0.35918840765953064,19.90959999966435
000234.npy,0.004547631,23.422148207816974,0.6761960575308352,0.3757714331150055,20.028700004331768
000235.npy,0.004690862,23.287473402028105,0.6788928344287798,0.3725993037223816,19.790599995758384
000236.npy,0.0014142004,28.494890217568376,0.7979575783050582,0.19436877965927124,19.96589999180287
000237.npy,0.0022419249,26.493789289634503,0.7923420744249848,0.23711328208446503,19.88619999610819
000238.npy,0.0021137912,26.749379478260643,0.774780143069705,0.21629829704761505,19.967799977166578
000239.npy,0.0016788053,27.74999672718001,0.7916627937463522,0.2385433167219162,20.110199984628707
000240.npy,0.004462003,23.5047020806299,0.8420803871412277,0.2488829642534256,20.118299988098443
000241.npy,0.00037268054,34.28663300327413,0.9509674907554388,0.08020910620689392,20.167099981335923
000242.npy,0.000321039,34.93442221402584,0.9564392147288322,0.06268278509378433,20.4770999844186
000243.npy,0.0002758932,35.59259043580163,0.9626026331439018,0.052065953612327576,19.834600010653958
000244.npy,0.009802429,20.086662666249705,0.7151064973955676,0.2309742420911789,19.850300013786182
000245.npy,0.0016665407,27.78184051097491,0.9044129936075807,0.2326551377773285,19.908999995095655
000246.npy,0.00232442,26.336853917422193,0.9064862211466134,0.18359021842479706,19.894299999577925
000247.npy,0.0020068258,26.974903149679665,0.9096010877027809,0.1982920616865158,19.850999990012497
000248.npy,0.0014354405,28.430148184069267,0.8345897713078857,0.18603789806365967,19.843799993395805
000249.npy,0.0051095663,22.91615958463826,0.7648229383060038,0.2537837028503418,19.836300023598596
000250.npy,0.006483904,21.881634062349104,0.7388339767957925,0.25304269790649414,19.86850000685081
000251.npy,0.0049526524,23.051621543953868,0.7660276721024514,0.24809128046035767,19.66229997924529
000252.npy,0.0015709137,28.03847642357352,0.7491810519866142,0.3288895785808563,19.692600006237626
000253.npy,0.0009780966,30.096182140302172,0.8530776469127349,0.2153891623020172,19.705800019437447
000254.npy,0.0012252422,29.117781233752545,0.8179861189732477,0.27909329533576965,19.731300009880215
000255.npy,0.0009417102,30.260827345119836,0.854795975445699,0.22638536989688873,19.666399981360883
000256.npy,0.0039514746,24.03240810000298,0.7969760378050454,0.18858766555786133,19.675300020026043
000257.npy,0.007959606,20.991084293463054,0.7429272484765035,0.1778637021780014,19.764900003792718
000258.npy,0.0069644134,21.571154519815344,0.7667371030525221,0.18677188456058502,19.716500013601035
000259.npy,0.006782402,21.686164815094312,0.7821135945056723,0.19564896821975708,19.773100008023903
000260.npy,0.002780139,25.55933517792549,0.7448389363343716,0.2053731083869934,19.83279999694787
000261.npy,0.0012784831,28.93305041475834,0.8317866791210062,0.20337039232254028,19.676399999298155
000262.npy,0.0016108195,27.929531005231848,0.8336161531158583,0.19372177124023438,19.801899994490668
000263.npy,0.001517877,28.18763382000878,0.818104931575846,0.1972084939479828,19.676399999298155
000264.npy,0.0037777284,24.227692766550785,0.7732883223035112,0.32130271196365356,19.714599999133497
000265.npy,0.0005404113,32.67275616379872,0.8646562279153913,0.19573570787906647,19.780399976298213
000266.npy,0.00056058896,32.51355463249577,0.8611026256611347,0.18282347917556763,19.697200012160465
000267.npy,0.00071559293,31.45333958262752,0.851140635273233,0.17252087593078613,19.679699995322153
000268.npy,0.00052027253,32.837690956516504,0.8590801095940671,0.21258151531219482,19.66700001503341
000269.npy,0.002164108,26.647210773176333,0.806619015900895,0.3005326986312866,19.91410000482574
000270.npy,0.001977798,27.03818063040719,0.8212747606648206,0.2800968289375305,19.792399980360642
000271.npy,0.0020167474,26.953484751678296,0.8185676449875832,0.2850519120693207,19.830200006254017
000272.npy,0.008868674,20.521413310839268,0.7316804612997249,0.2867699861526489,19.822000002022833
000273.npy,0.003121981,25.055697497784955,0.3037226774412729,0.864436149597168,19.831599987810478
000274.npy,0.0034748707,24.590613648732855,0.3004018410723587,0.8404365181922913,19.960600009653717
000275.npy,0.003098887,25.087942578071008,0.2926071357614398,0.885703980922699,19.72169999498874
000276.npy,0.00023798057,36.23458515774506,0.9522794348247051,0.07784279435873032,19.70949998940341
000277.npy,0.0002877653,35.40961595803521,0.9449163151779175,0.06486797332763672,19.778599991695955
000278.npy,0.000492743,33.073795556249756,0.9148571688935757,0.09633449465036392,19.954799994593486
000279.npy,0.00045195568,33.44904149653523,0.9139932695846297,0.1575966775417328,19.982099998742342
000280.npy,0.006410368,21.931170256972955,0.7467673405863768,0.308991014957428,19.990100001450628
000281.npy,0.0025843475,25.87649131495265,0.842234044824427,0.21185430884361267,19.9692000169307
000282.npy,0.0022708604,26.43809579657825,0.8367934226286468,0.20479720830917358,20.06710000569001
000283.npy,0.0025462494,25.94099088923221,0.8519306492342819,0.23174923658370972,19.854199985275045
000284.npy,0.004954974,23.049586414233197,0.6929637900223394,0.34920430183410645,19.852799974614754
000285.npy,0.00083004264,30.808995721947163,0.786417583286494,0.3570021092891693,19.83559998916462
000286.npy,0.000981549,30.08087980718114,0.7779556696895361,0.3446343243122101,19.850000011501834
000287.npy,0.00065641396,31.82822174867998,0.7655892171618491,0.4102212190628052,20.164899993687868
000288.npy,0.001732161,27.614117286718653,0.8219029287999198,0.17848609387874603,19.94960001320578
000289.npy,0.0032077816,24.93795207534469,0.651915970525913,0.3548371195793152,19.941499980632216
000290.npy,0.0050224476,22.990845566186113,0.6680932297460747,0.3745027184486389,19.9840999848675
000291.npy,0.004491833,23.475764239195776,0.6758361128007346,0.35125914216041565,19.990800006780773
000292.npy,0.00051882653,32.84977844860888,0.9359131123862267,0.0949215441942215,19.97950000804849
000293.npy,0.0024943682,26.03039450808594,0.33023601930851487,0.8015515208244324,19.957799988333136
000294.npy,0.0025746496,25.892818266737002,0.3402363111746074,0.7667039036750793,19.829199998639524
000295.npy,0.0028692768,25.42227557484059,0.32752838725854455,0.746929407119751,19.873499986715615
000296.npy,0.0033958731,24.6904853768423,0.7258190754058319,0.3318309783935547,19.888500013621524
000297.npy,0.0030015325,25.226569378800676,0.7295427335378155,0.1589454561471939,19.88300000084564
000298.npy,0.002957023,25.291452792046538,0.7270130573741347,0.16745725274085999,19.840699998894706
000299.npy,0.002595152,25.85837201815845,0.768180826676786,0.1903666853904724,19.841200002701953
000300.npy,0.0022521028,26.47411817730182,0.41586952092763035,0.5975135564804077,19.864900008542463
000301.npy,0.0009682593,30.14008292676584,0.8428654540434479,0.1361071765422821,19.86850000685081
000302.npy,0.00072584,31.39159104029593,0.8461290481446981,0.10995325446128845,19.807000004220754
000303.npy,0.0007960294,30.99070876260756,0.8327409274193645,0.09891717880964279,19.902800006093457
000304.npy,0.0013766853,28.6116529236857,0.8148990839983821,0.23373721539974213,19.877799990354106
000305.npy,0.0012827173,28.918690554813097,0.7219825104387253,0.3450959026813507,19.80469998670742
000306.npy,0.0014025378,28.530854320773877,0.7189224085845547,0.3249422609806061,19.64159999624826
000307.npy,0.0012445524,29.04986801383671,0.7348627927762718,0.35144007205963135,19.625899993116036
000308.npy,0.00050570664,32.96101325132432,0.9206012879632711,0.13138173520565033,19.666200008941814
000309.npy,0.0022071642,26.56165318594702,0.6673366153459996,0.31698739528656006,19.566500006476417
000310.npy,0.0020033424,26.982448203825314,0.667303214323759,0.37237873673439026,19.589099974837154
000311.npy,0.0021080459,26.7611994784103,0.6648914423165843,0.3511316478252411,19.651100010378286
000312.npy,0.005088276,22.934292985734608,0.8061694064213634,0.28950679302215576,19.53960000537336
000313.npy,0.00030578225,35.14587716141961,0.8546534145379067,0.27665555477142334,19.553399994038045
000314.npy,0.000268667,35.70785637736808,0.8502734116182328,0.3065218925476074,19.57639999454841
000315.npy,0.00031868278,34.966413920579605,0.864395736493826,0.2933364510536194,19.587699993280694
000316.npy,0.0005458763,32.62905792631614,0.8693746885552853,0.44143643975257874,19.51549999648705
000317.npy,0.0041782055,23.790102233915853,0.6103331226210564,0.48667219281196594,19.583199988119304
000318.npy,0.0040192353,23.958565937424453,0.6507493754632366,0.44188785552978516,19.53520000097342
000319.npy,0.0040046535,23.9743501489885,0.6608776665035335,0.3978433310985565,19.655500014778227
000320.npy,0.0063210935,21.99207785504859,0.6165664545386573,0.3711022436618805,19.52750000054948
000321.npy,0.0011791927,29.284151981708405,0.8469431515337229,0.19631853699684143,19.558400003006682
000322.npy,0.001542921,28.1165632055985,0.8263153060380779,0.1936199814081192,19.577300001401454
000323.npy,0.0013842753,28.587775399919167,0.8343226437832294,0.19094710052013397,19.61949997348711
000324.npy,0.0026838535,25.712411847606376,0.8175583749188571,0.19273741543293,21.72610000707209
000325.npy,0.0006557491,31.832622920504786,0.9142982071919888,0.11892591416835785,19.53469999716617
000326.npy,0.000683311,31.653815870570867,0.9063846450770349,0.1273982673883438,19.569500000216067
000327.npy,0.0007056866,31.513881364885023,0.9050915174407959,0.12873655557632446,19.561100023565814
000328.npy,0.0007878847,31.03537339841816,0.7084751594102978,0.41676849126815796,19.84739999170415
000329.npy,0.0014636118,28.345741293159627,0.8107133321329355,0.230051651597023,20.24909999454394
000330.npy,0.0014066071,28.518272000177852,0.8099009888577461,0.241521418094635,20.137099985731766
000331.npy,0.0013920092,28.563579054197913,0.8075874463727474,0.2387191504240036,20.33179998397827
000332.npy,0.0004769469,33.21529973429201,0.9317179020567536,0.09257804602384567,20.34119999734685
000333.npy,0.0022706538,26.43849103876065,0.7632084514931738,0.17748084664344788,20.334000000730157
000334.npy,0.00212378,26.728904489740867,0.7657120047991872,0.22025643289089203,20.514600008027628
000335.npy,0.0022790933,26.422378790667832,0.7562491752798669,0.21510952711105347,20.55719998315908
000336.npy,0.001010851,29.953128619511475,0.8876813771003932,0.1207212507724762,20.630499988328665
000337.npy,0.00028065618,35.51825359840275,0.9186641639769078,0.11859828233718872,20.64490001066588
000338.npy,0.00047264658,33.25463485344401,0.8902640143190921,0.15313874185085297,20.70399999502115
000339.npy,0.00042761423,33.68947841730318,0.8933475207248927,0.1359521746635437,19.98250000178814
000340.npy,0.0012086371,29.177040704687872,0.7427352339304387,0.29021134972572327,20.003599987830967
000341.npy,0.0009004815,30.45525221395841,0.84250695202142,0.3268156945705414,20.066500001121312
000342.npy,0.0010530765,29.7754010611761,0.8219229543716013,0.2805974781513214,19.958299992140383
000343.npy,0.0011589706,29.359275683714937,0.8139171244293405,0.27710020542144775,19.99299999442883
000344.npy,0.0017653031,27.531807238958407,0.7584942638215945,0.25497061014175415,19.81810000143014
000345.npy,0.0018295792,27.37648783271681,0.7802529750606264,0.23552706837654114,19.835000013699755
000346.npy,0.0015369422,28.13342466143775,0.8185757514392263,0.20385301113128662,19.81500000692904
000347.npy,0.0015663927,28.050993377376138,0.8144006937451307,0.20144136250019073,19.85050001530908
000348.npy,0.0011614979,29.34981556014957,0.8507613283776194,0.14999818801879883,19.911999988835305
000349.npy,0.0019955803,26.99930791649966,0.7168706949550714,0.1735660433769226,19.960800011176616
000350.npy,0.0017231613,27.636740546039928,0.7304611958526372,0.1852770745754242,19.984299986390397
000351.npy,0.0021689988,26.63740686050651,0.698311744268775,0.21701574325561523,20.052700012456626
000352.npy,0.07325814,11.351441090611303,0.2687555866703151,0.5984182357788086,20.00750001752749
000353.npy,0.022123268,16.5515071122084,0.286335241534224,0.7924728393554688,19.93209999636747
000354.npy,0.028503448,15.451026165488864,0.2849282401617132,0.7711547017097473,19.97029999620281
000355.npy,0.02951385,15.29974153179056,0.2826174890226188,0.7872414588928223,20.01340000424534
000356.npy,0.0032812497,24.839606898264588,0.7118150007551133,0.2808089852333069,19.98100001947023
000357.npy,0.0011509239,29.38953403887492,0.7949690315511226,0.2797955870628357,19.815899984678254
000358.npy,0.0017787497,27.498851326382155,0.7793757548423484,0.2485775351524353,19.826000003376976
000359.npy,0.0013606574,28.66251217594077,0.7933537882335187,0.2631629407405853,19.89199998206459
000360.npy,0.004295054,23.670313731236796,0.698195333146803,0.284000962972641,19.975400005932897
000361.npy,0.00037471292,34.26301349207715,0.8433357871280909,0.4133366644382477,20.02270001685247
000362.npy,0.0009163396,30.379435404303578,0.7458487971308231,0.39469778537750244,19.976900017354637
000363.npy,0.0009791772,30.091387475358225,0.7447016217945814,0.4375656545162201,20.08739998564124
000364.npy,0.0030590417,25.144146171359992,0.7630321328723065,0.37515413761138916,19.97340001980774
000365.npy,0.0011009425,29.582353832531673,0.8476421754615232,0.15167026221752167,20.341700001154095
000366.npy,0.0011708731,29.31490191784085,0.8445726421789825,0.161676824092865,21.403799997642636
000367.npy,0.0011370406,29.442240831497323,0.846385388134256,0.15020613372325897,22.141499997815117
000368.npy,0.001377122,28.61027581740542,0.7580007749290447,0.2824898064136505,21.258399996440858
000369.npy,0.0030389482,25.17276710182424,0.660199214621854,0.35969364643096924,21.307999995769933
000370.npy,0.0043255445,23.639592604198366,0.6797712640724746,0.3358250856399536,21.313200006261468
000371.npy,0.003567936,24.475829734179285,0.6636889746158514,0.3411324620246887,20.249699999112636
000372.npy,0.00090808375,30.41874097594048,0.6529933155286312,0.4991782009601593,20.186300011118874
000373.npy,0.0078235185,21.065978962130174,0.6117801960076389,0.38322651386260986,20.02110000466928
000374.npy,0.008303856,20.807202271546487,0.5866564112605646,0.39188152551651,19.98969999840483
000375.npy,0.00855243,20.67910469563079,0.5923337435956175,0.3723148703575134,19.987500010756776
000376.npy,0.006675834,21.7549450254591,0.4984581068154089,0.40082982182502747,20.013999979710206
000377.npy,0.0074621844,21.271340337403842,0.7251640152219218,0.30727702379226685,19.993299996713176
000378.npy,0.007142694,21.46137946392562,0.7160200457002335,0.32492589950561523,19.826300005661324
000379.npy,0.007293521,21.37062767050905,0.7357580489142165,0.2792019844055176,19.855299993650988
000380.npy,0.0014100205,28.50774552510964,0.8681794741972685,0.2009565383195877,19.96490001329221
000381.npy,0.0024411404,26.124072318346517,0.46656589730008785,0.7822762131690979,19.814100000075996
000382.npy,0.0025383057,25.95456047597615,0.4629732960947901,0.7795798182487488,19.833300000755116
000383.npy,0.0025782676,25.886719939253368,0.4495400458945483,0.8053114414215088,19.823600014206022
000384.npy,0.00058332505,32.340894141267555,0.9370838902376714,0.11658348143100739,19.713700021384284
000385.npy,0.0059337607,22.266699862788016,0.4023221586139058,0.6924750208854675,19.833300000755116
000386.npy,0.0056027416,22.515994339537304,0.4110689788652114,0.6537418365478516,19.796299980953336
000387.npy,0.006219808,22.062230245367715,0.40462761173019185,0.6839573979377747,19.6859999850858
000388.npy,0.002123277,26.729933626831762,0.7776770708446298,0.23330318927764893,19.694099988555536
000389.npy,0.0007832276,31.061120154539182,0.8035432680898905,0.3088322877883911,19.873400015057996
000390.npy,0.00045728998,33.398082862116404,0.925877917449534,0.11539280414581299,19.833900005323812
000391.npy,0.00035899883,34.4490698321923,0.8904600771551132,0.18418000638484955,19.781999988481402
000392.npy,0.00088274316,30.541656547293737,0.8647219337131977,0.20785586535930634,19.66669998364523
000393.npy,0.00062869163,32.01562320202822,0.7624816065762043,0.4361545741558075,19.70360000268556
000394.npy,0.000615989,32.104270848120706,0.7727658780488967,0.4401775598526001,19.70110001275316
000395.npy,0.00043296843,33.63543767990328,0.8399941886427402,0.3717019557952881,19.805500021902844
000396.npy,0.002972437,25.2688731647598,0.7422938594404161,0.31806862354278564,19.828999997116625
000397.npy,0.0029919618,25.24043994692908,0.3271970452769203,0.7624917030334473,19.697299983818084
000398.npy,0.0059294114,22.26988401405604,0.2212806947262371,0.8730481266975403,19.66409999295138
000399.npy,0.007473617,21.264691549191404,0.19502850243664627,0.9077655076980591,19.682799989823252
000400.npy,0.0005791733,32.371914056430946,0.9266471402606964,0.10595288872718811,19.611299998359755
000401.npy,0.00089985365,30.458281228283912,0.7606835706453323,0.3319445848464966,19.673900009365752
000402.npy,0.0012644399,28.981017986094372,0.7974593688663952,0.40540391206741333,19.667899992782623
000403.npy,0.0011526886,29.38287994739165,0.7996696753530838,0.35309916734695435,19.748000020626932
000404.npy,0.004255864,23.710122897389372,0.6044930953295119,0.2693455219268799,35.609699989436194
000405.npy,0.02251465,16.47534790473513,0.2866250784837557,0.7953763604164124,19.563700014259666
000406.npy,0.020788223,16.82182605442796,0.2837472205400227,0.7722594738006592,19.522699993103743
000407.npy,0.027492534,15.607852340540191,0.2849714757757254,0.7891896963119507,19.53040002263151
000408.npy,0.0011488684,29.39729778406145,0.8441006894407272,0.22099605202674866,19.560399989131838
000409.npy,0.00044831925,33.48412609882192,0.8471691101579666,0.33414018154144287,19.532799982698634
000410.npy,0.00041005854,33.87154161491988,0.8519146135911941,0.3339724838733673,19.579699990572408
000411.npy,0.0003992234,33.987840032439976,0.8603112084817887,0.33583807945251465,19.541499990737066
000412.npy,0.0007346121,31.33941903886896,0.7538490947963744,0.4670083224773407,19.550600001821294
000413.npy,0.007511989,21.242450497985416,0.5553923434678102,0.4067641794681549,19.57060000859201
000414.npy,0.0068631736,21.634749950228972,0.5471700758762585,0.4467695951461792,19.56139999674633
000415.npy,0.006592473,21.809516262821887,0.5396828616889076,0.4509047865867615,19.52299999538809
000416.npy,0.0009599888,30.17733838721563,0.8595553083049655,0.2189192920923233,19.66510000056587
000417.npy,0.0013230939,28.784093109568904,0.48602134613728526,0.7125124335289001,19.64450001833029
000418.npy,0.0013924221,28.562290897563823,0.4870954945589602,0.6903698444366455,19.658700010040775
000419.npy,0.0013951036,28.553935363402452,0.484267002586484,0.6760143041610718,19.706399994902313
000420.npy,0.00089239,30.494453259263192,0.7994517989394069,0.3322872519493103,19.59859998896718
000421.npy,0.0008943097,30.485120549454376,0.6892115806739331,0.5197333693504333,20.050199993420392
000422.npy,0.0009542295,30.203471820402136,0.6819041766197421,0.47781825065612793,20.119499997235835
000423.npy,0.000981194,30.08245138951778,0.6795714439341128,0.4767896831035614,20.080299989786
000424.npy,0.0010801301,29.66523952506241,0.7904758428824181,0.20808014273643494,20.28760002576746
000425.npy,0.00050061266,33.004981651118534,0.8590573084213138,0.1799619346857071,20.21489999606274
000426.npy,0.00081702037,30.877671007410964,0.810729829079737,0.19900359213352203,20.543500024359673
000427.npy,0.0005557005,32.55159233990081,0.8288934536479712,0.19887419044971466,21.421899989945814
000428.npy,0.0014740914,28.31475562559789,0.8839337341800034,0.14969119429588318,21.497600013390183
000429.npy,0.005107233,22.918143332028848,0.8521180968307871,0.1655462235212326,21.417600015411153
000430.npy,0.006382799,21.949888568996556,0.8197987127424218,0.13266612589359283,20.39590000640601
000431.npy,0.0054197535,22.66020476252414,0.8363319988852953,0.15779335796833038,20.32189999590628
000432.npy,0.00084817444,30.715147953110396,0.84679019952631,0.2465592622756958,20.3070999996271
000433.npy,0.0010489358,29.792510658259044,0.7156523624562845,0.35490450263023376,20.301900018239394
000434.npy,0.00083202025,30.79866101449033,0.7521415619760752,0.3174442946910858,20.18560000578873
000435.npy,0.0007632148,31.173532093208248,0.7723442614223958,0.3085874915122986,20.23280001594685
000436.npy,0.0004068144,33.90603727061401,0.9192377417564392,0.13096028566360474,20.279899996239692
000437.npy,0.0006655117,31.768443033448776,0.8848093726635724,0.15818758308887482,20.38989998982288
000438.npy,0.0006599709,31.804752272344466,0.8848373715859652,0.191776841878891,20.30109998304397
000439.npy,0.0005032924,32.98179643560794,0.8976179909192323,0.16608576476573944,20.21370001602918
000440.npy,0.0015399536,28.124923545798957,0.7811134790178538,0.22583723068237305,20.202099985908717
000441.npy,0.0009769864,30.10111486186828,0.858821792685628,0.1841232180595398,20.328199985669926
000442.npy,0.00073518406,31.33603934733123,0.8542606640379802,0.2165561020374298,20.21499999682419
000443.npy,0.00092251296,30.350275309136563,0.8399939808434732,0.2187609225511551,20.194699987769127
000444.npy,0.001559048,28.071405261430954,0.8198831340657622,0.17517654597759247,20.225100015522912
000445.npy,0.0011678317,29.3261977724117,0.8082582829369604,0.28654658794403076,20.205000007990748
000446.npy,0.0012793213,28.930203650032706,0.7849072793914414,0.2723020017147064,20.327200007159263
000447.npy,0.001001189,29.994838981951602,0.8070236196863503,0.33418184518814087,20.590400003129616
000448.npy,0.0026219648,25.81373140927219,0.3823908685027156,0.812650203704834,20.568800013279542
000449.npy,0.00065175525,31.859154425914355,0.8638229150948524,0.3163200616836548,20.58109999052249
000450.npy,0.00078604365,31.04553343266838,0.8375915145267425,0.2779654860496521,20.70410002488643
000451.npy,0.0007554976,31.21766898777508,0.8404026846099719,0.29174426198005676,20.673499995609745
000452.npy,0.00048398948,33.15164084745605,0.9283421437911987,0.13231825828552246,20.716400002129376
000453.npy,0.0038288455,24.169321790494337,0.4115513969158167,0.5255898237228394,20.71109999087639
000454.npy,0.0039296653,24.05644436093197,0.41520645822809077,0.524263322353363,20.697400002973154
000455.npy,0.0038727554,24.11979931545723,0.4090613222712185,0.5357819199562073,20.873300003586337
000456.npy,0.003129656,25.045034091118588,0.592418669515344,0.45539140701293945,20.72200001566671
000457.npy,0.0035526387,24.494489601196516,0.6552486171177794,0.32891201972961426,20.786099979886785
000458.npy,0.0033842237,24.705409678084838,0.6615956973088346,0.3350728154182434,20.891299995128065
000459.npy,0.0033823997,24.70775080169103,0.6611756075852439,0.3635897934436798,20.931699982611462
000460.npy,0.001987591,27.01672987220661,0.7861576497140862,0.2332746833562851,21.08639999642037
000461.npy,0.00031650378,34.996210707604575,0.9365758370267153,0.16925078630447388,21.026200003689155
000462.npy,0.0003838109,34.15882693051928,0.9273440088841916,0.21870562434196472,21.13359997747466
000463.npy,0.00032539858,34.875843591048515,0.9426160085840225,0.1260436773300171,20.223300001816824
000464.npy,0.0024133793,26.173744111905016,0.7302542567941472,0.2818247377872467,20.202200015773997
000465.npy,0.0018784045,27.262108813533864,0.3673207692580223,0.7748974561691284,20.17639999394305
000466.npy,0.002009589,26.9689278242986,0.3516517239403725,0.764773428440094,19.90549999754876
000467.npy,0.0021337483,26.708567767596683,0.3462945982131958,0.7667989730834961,19.903400010662153
000468.npy,0.007836994,21.058504822178726,0.5723599105683953,0.4211673140525818,19.945799984270707
000469.npy,0.0046723923,23.30460689640816,0.6324358975905651,0.3689831495285034,19.72010001190938
000470.npy,0.0043434193,23.62168273975999,0.6381847509753406,0.3532439172267914,19.74960000370629
000471.npy,0.004315518,23.649671173345254,0.6445150934905922,0.35278114676475525,19.75719997426495
000472.npy,0.0016253833,27.890442262296276,0.8783850842739017,0.11124072968959808,19.719500007340685
000473.npy,0.0006389732,31.94517346912137,0.8933925865241736,0.177129328250885,19.796899985522032
000474.npy,0.00078639435,31.043596189834233,0.8874051553052347,0.17834196984767914,19.89049999974668
000475.npy,0.00051379664,32.89208748898459,0.9362877349505871,0.11031726002693176,19.110199995338917
000476.npy,0.0014907235,28.26602921731466,0.8770760753840358,0.1516951322555542,20.489499991526827
000477.npy,0.0030633595,25.13802023166555,0.34090510583285244,0.8245587944984436,19.198199996026233
000478.npy,0.0029336137,25.325970852048265,0.3462528979104096,0.8091241717338562,19.19260001159273
000479.npy,0.003200532,24.947778420283427,0.3433260472601636,0.8084805011749268,19.166699989000335
000480.npy,0.0036356265,24.394207183104474,0.7801210215684176,0.2773333489894867,19.19880000059493
000481.npy,0.0008064695,30.934120264666944,0.7985531091510355,0.327695369720459,19.16480000363663
000482.npy,0.0008707484,30.60107290458497,0.7945862457522973,0.33710598945617676,19.0874999971129
000483.npy,0.0009091835,30.413484241566316,0.787786863081932,0.29312556982040405,19.16460000211373
000484.npy,0.0038912494,24.099109384368877,0.6606943418799527,0.3593253791332245,19.043500011321157
000485.npy,0.00047088938,33.27081075771578,0.8241394636354447,0.4338768720626831,19.124300015391782
000486.npy,0.00025393255,35.95281652754289,0.887079538324356,0.31289440393447876,19.10379997570999
000487.npy,0.00027541642,35.60010214941863,0.8797489572744369,0.3202791213989258,19.07989999745041
000488.npy,0.0017176538,27.65064347652889,0.8280783340204656,0.17710840702056885,19.039099977817386
000489.npy,0.0021407432,26.694354460190436,0.8220017579165697,0.1741986870765686,19.07539999228902
000490.npy,0.002751749,25.603911653417075,0.8029721261514873,0.19392913579940796,19.095600000582635
000491.npy,0.0024209698,26.160106063599443,0.8132851542919297,0.1961938440799713,19.03580001089722
000492.npy,0.0031515916,25.014700533973553,0.8098963867946342,0.2009889930486679,19.0504000056535
000493.npy,0.002453139,26.102778199469014,0.35118000030708313,0.8153659701347351,19.159100018441677
000494.npy,0.0037788555,24.22639712182236,0.26595592980522476,0.8843554854393005,19.18059997842647
000495.npy,0.003625844,24.40590893525529,0.2647922073940337,0.9019630551338196,19.084100000327453
000496.npy,0.012688927,18.96575094915109,0.7355025082373325,0.27051493525505066,19.09180000075139
000497.npy,0.0035565943,24.48965680467665,0.6835301175167784,0.2763664722442627,19.06680001411587
000498.npy,0.0038796195,24.11210852245646,0.6936161908841356,0.2612760365009308,19.076800002949312
000499.npy,0.0037726671,24.233515120509736,0.6582692252001067,0.2884686589241028,19.599300023401156
000500.npy,0.0027574133,25.594981591358085,0.5912559706746181,0.4926151633262634,19.904999993741512
000501.npy,0.0024300744,26.1438042350288,0.6618634364837427,0.291008323431015,19.947199994930997
000502.npy,0.0023014806,26.379926846008974,0.6578746964532212,0.34695950150489807,19.95590000296943
000503.npy,0.0022618044,26.45544967629551,0.6573724071691297,0.33292800188064575,19.895800010999665
000504.npy,0.0020377187,26.908557622673786,0.8429084027938246,0.1576700359582901,19.85069998772815
000505.npy,0.00423201,23.734533031975495,0.8377916280740425,0.19495028257369995,19.789399986620992
000506.npy,0.004484445,23.482912996971947,0.845061066914713,0.21440061926841736,19.72889999160543
000507.npy,0.004487904,23.47956452776545,0.8441825753299073,0.2076302021741867,19.854499987559393
000508.npy,0.00061336334,32.12282174468116,0.9468401285834313,0.1437416523694992,19.761200004722923
000509.npy,0.0049389983,23.063611236370637,0.6658020842133835,0.29259437322616577,19.717799994396046
000510.npy,0.0035325908,24.519066627376333,0.6671547263777964,0.2725454866886139,19.78809997672215
000511.npy,0.0033521303,24.746791206854,0.6759338946002014,0.29295113682746887,19.7483999945689
000512.npy,0.001538327,28.129513353052307,0.8375626209930052,0.19881534576416016,19.812399987131357
000513.npy,0.017866012,17.479723768590624,0.6068735823313315,0.29753339290618896,19.886900001438335
000514.npy,0.015455888,18.109060602417323,0.6013878954395689,0.3159489631652832,19.790099991951138
000515.npy,0.017636778,17.53580748182474,0.5815489152390726,0.2960432171821594,19.81500000692904
000516.npy,0.002585217,25.875030197116384,0.5580900057804347,0.5154763460159302,19.828899996355176
000517.npy,0.0030443054,25.165117818860033,0.5725905031736642,0.39192914962768555,19.741900003282353
000518.npy,0.0029528728,25.29755267960295,0.5550381660770941,0.4536644220352173,19.7450999985449
000519.npy,0.002933914,25.325526117828808,0.5607056859149597,0.4298367500305176,19.750900013605133
000520.npy,0.004064351,23.910088367990504,0.64724799317267,0.2671578526496887,19.85029998468235
000521.npy,0.00067877583,31.682736581333103,0.7337975855498314,0.3338190019130707,19.76590001140721
000522.npy,0.00062112475,32.06821174771799,0.7529115047447681,0.39693206548690796,19.732400018256158
000523.npy,0.00073562376,31.333442464332943,0.7367599572374821,0.3413476347923279,19.759499991778284
000524.npy,0.008223245,20.849568059108712,0.7451531662072297,0.24670052528381348,19.82819999102503
000525.npy,0.00085183734,30.69643329841216,0.6532201890702247,0.4157336950302124,19.762199983233586
000526.npy,0.00087220385,30.59381988763848,0.6408863803795576,0.5622540712356567,19.747499987715855
000527.npy,0.00082393753,30.84105704573026,0.647845297219038,0.53184974193573,19.90250000380911
000528.npy,0.00048860384,33.11043100219834,0.8651415392439626,0.4552169442176819,19.736099988222122
000529.npy,0.004369336,23.595845275058597,0.794987721350329,0.28379908204078674,19.80300000286661
000530.npy,0.004692197,23.286237927146885,0.7506289961739646,0.33260858058929443,19.88179999170825
000531.npy,0.005970844,22.239642941601655,0.7236677487464714,0.3545159101486206,19.79550000396557
000532.npy,0.0031006536,25.085467142208735,0.8243549254734348,0.29108139872550964,19.734000001335517
000533.npy,0.0042867796,23.678688486729254,0.6843707412838202,0.3468219041824341,19.84140000422485
000534.npy,0.004048456,23.92710577817558,0.7308530759004841,0.30557119846343994,19.796699983999133
000535.npy,0.003838133,24.15879979279208,0.7387054619997777,0.31450697779655457,20.01050001126714
000536.npy,0.00033561603,34.74157322231925,0.9223877664041519,0.09929899871349335,20.08909999858588
000537.npy,0.0005528622,32.573830928303245,0.8783548469679952,0.2024509459733963,20.069200021680444
000538.npy,0.0005174469,32.861342036753136,0.888820484449029,0.1881013810634613,19.903500011423603
000539.npy,0.00041544804,33.81483268461178,0.9077052990880012,0.16723918914794922,19.91140001337044
000540.npy,0.0023716108,26.249566049806454,0.5912020017377884,0.5217224955558777,19.91000000271015
000541.npy,0.00033009995,34.8135451708896,0.8375097474222183,0.40182408690452576,19.92469999822788
000542.npy,0.0004152262,33.81715242860919,0.8075155557000637,0.46508410573005676,19.880700012436137
000543.npy,0.00037833545,34.221229394742174,0.8261297065529823,0.4139914810657501,19.871900003636256
000544.npy,0.0007667371,31.15353516889323,0.8918106899930276,0.35104888677597046,19.735699985176325
000545.npy,0.0011363947,29.444708364615472,0.8888067816589623,0.07381659001111984,19.721999997273088
000546.npy,0.0011979501,29.21561275336003,0.8850832727206573,0.08641809970140457,19.704400008777156
000547.npy,0.0012638711,28.982972143759874,0.8619356306202411,0.07132650911808014,19.75450001191348
000548.npy,0.00025898608,35.86723589912871,0.9267373260132075,0.16778765618801117,19.775300024775788
000549.npy,0.00048333517,33.1575160732328,0.9024500070567131,0.08363202959299088,19.742800010135397
000550.npy,0.00031264473,35.049488911257086,0.9063064689493179,0.08826136589050293,19.76759999524802
000551.npy,0.00047501773,33.23290170706004,0.9043086318297386,0.0857202410697937,19.727999984752387
000552.npy,0.0034916839,24.569650468236375,0.8282443518100939,0.19498717784881592,19.788800011156127
000553.npy,0.00055571576,32.55147292236139,0.856568423555322,0.17782559990882874,19.767899997532368
000554.npy,0.00064718444,31.88971942954131,0.8555093487064243,0.19575196504592896,19.775799999479204
000555.npy,0.0006384292,31.948872797429566,0.8540693448796869,0.19573043286800385,19.73919998272322
000556.npy,0.00014995804,38.240302419918564,0.9427737580156327,0.07019632309675217,19.73940001334995
000557.npy,0.00024069034,36.18541334985889,0.945796692560792,0.09846203774213791,19.93469998706132
000558.npy,0.00052176585,32.8252436018188,0.9217874008034542,0.08160975575447083,19.79289998416789
000559.npy,0.00026626408,35.746874382143766,0.9437410111168623,0.09997555613517761,19.743300013942644
000560.npy,0.0028359585,25.473001099689256,0.7379030678526824,0.18425431847572327,19.744899997022003
000561.npy,0.005410194,22.66787172438455,0.5523587312749692,0.42338427901268005,19.844900001771748
000562.npy,0.005410037,22.667997736925646,0.550086493098801,0.4297129213809967,19.9039000144694
000563.npy,0.0049656476,23.04024106478703,0.5588334885317826,0.45290789008140564,19.881299987901002
000564.npy,0.0006838674,31.650281428812633,0.8266388715660572,0.2778369188308716,19.776000001002103
000565.npy,0.005629375,22.49539795633084,0.5144205718398066,0.4126833379268646,20.25669999420643
000566.npy,0.005606084,22.51340420624007,0.5236091294702131,0.4076605439186096,20.254600007319823
000567.npy,0.0050387215,22.976796893349217,0.46860052627616144,0.5310316681861877,20.218699995893985
000568.npy,0.004632798,23.34156615626585,0.699179530730471,0.2702455520629883,19.829199998639524
000569.npy,0.0029220497,25.343124245104335,0.7379009663688131,0.2504372000694275,19.790599995758384
000570.npy,0.0028204964,25.49674476384004,0.7374783557959274,0.23845994472503662,19.74980000522919
000571.npy,0.0028577829,25.439707908858203,0.7419321582255661,0.24512913823127747,19.744299992453307
000572.npy,0.0033732755,24.719482153921938,0.7130914212636799,0.33263078331947327,19.773000007262453
000573.npy,0.00074148795,31.298958875184564,0.9161553732099533,0.20531854033470154,19.812399987131357
000574.npy,0.00031410274,35.02928274779398,0.9451894664418921,0.15062597393989563,19.74250000785105
000575.npy,0.00032233403,34.916938516914435,0.9428637293861508,0.16687226295471191,19.766500015975907
000576.npy,0.0036409884,24.387806897720257,0.8527484449314475,0.1075148954987526,19.75720000336878
000577.npy,0.002854543,25.44463392353338,0.8366634305444955,0.1449420154094696,19.770199985941872
000578.npy,0.003134801,25.03789996611203,0.800407646896502,0.20590819418430328,19.766500015975907
000579.npy,0.002606923,25.838718000327233,0.8047962124007149,0.19761846959590912,19.75249999668449
000580.npy,0.0007261955,31.389464535743446,0.7123026910829544,0.39125359058380127,19.787499972153455
000581.npy,0.0012433671,29.054006230349493,0.901269124270916,0.11484783887863159,19.719000003533438
000582.npy,0.0012364539,29.07822079816853,0.8957967931496278,0.12106424570083618,19.85469998908229
000583.npy,0.0010773386,29.676477696031963,0.8951297206422836,0.11032456904649734,19.773200008785352
000584.npy,0.001331039,28.758092338161,0.546762565934658,0.6233819723129272,19.73509998060763
000585.npy,0.0023838908,26.227136432314037,0.40442843151973934,0.7022318840026855,19.898800004739314
000586.npy,0.0021296707,26.716875556787627,0.41798537898780963,0.6832382082939148,19.909299997380003
000587.npy,0.0020897693,26.799016335056915,0.4138021139563918,0.726101279258728,19.86959998612292
000588.npy,0.00046309578,33.34329171628051,0.9010605314953104,0.16273343563079834,19.93519999086857
000589.npy,0.0010361053,29.845961022298017,0.6251875884668967,0.4204115867614746,19.876900012604892
000590.npy,0.0007949981,30.99633900518485,0.6426355983271003,0.37032073736190796,19.858499988913536
000591.npy,0.0007267188,31.386335921839642,0.6553334237086773,0.398002028465271,21.15740001318045
000592.npy,0.0007860438,31.045532486356727,0.8716136049290896,0.2411874234676361,21.195400011492893
000593.npy,0.0045643346,23.40622514399385,0.747206337232843,0.25392019748687744,21.183600008953363
000594.npy,0.0029510076,25.300296789094784,0.798368030009943,0.22298257052898407,21.169900021050125
000595.npy,0.0043867165,23.57860441501062,0.7529748735631918,0.2763671278953552,21.219099988229573
000596.npy,0.0011287284,29.474105548479336,0.9198691544295661,0.1852157562971115,21.357799996621907
000597.npy,0.0005126026,32.9021920231897,0.7442177129602432,0.3696380853652954,21.49360001203604
000598.npy,0.00054081547,32.669509081984124,0.7172704129257202,0.34796464443206787,21.3367999822367
000599.npy,0.00063755346,31.954833908460692,0.6989383425724507,0.3214307427406311,21.356099983677268
000600.npy,0.0009728422,30.119575677490307,0.8629426817814541,0.1387839913368225,21.259999979520217
000601.npy,0.00047088202,33.270878948290225,0.885468102012515,0.11168540269136429,21.657200006302446
000602.npy,0.0005042876,32.97321702621768,0.881258262740314,0.10778368264436722,21.67290000943467
000603.npy,0.0005988783,32.2266140448358,0.8545024138440191,0.15027344226837158,22.03880000161007
000604.npy,0.004991676,23.017535555146974,0.8736498672115393,0.1431886851787567,21.994000009726733
000605.npy,0.00415731,23.81187601013053,0.8555446464695409,0.14583230018615723,22.040899988496676
000606.npy,0.004226133,23.740568335022274,0.8410956441525687,0.15663674473762512,20.24300000630319
000607.npy,0.0035735667,24.468981149366535,0.875594671394166,0.1380893588066101,20.19150002161041
000608.npy,0.0030746781,25.122003013596228,0.8062621104683485,0.29208052158355713,20.230499998433515
000609.npy,0.0009813053,30.08195850901948,0.6277193709574937,0.46497905254364014,20.236699987435713
000610.npy,0.0010691811,29.709487288097097,0.6186513340036506,0.4690205752849579,20.182799984468147
000611.npy,0.0010208585,29.91034452866531,0.5930336858260632,0.5120266675949097,20.201200008159503
000612.npy,0.0006896616,31.61363958090648,0.8757014886789322,0.14333562552928925,20.282200013753027
000613.npy,0.0032177335,24.924499422221498,0.8245302562596202,0.25473111867904663,20.25200001662597
000614.npy,0.0027763513,25.56525586160201,0.7953056654701645,0.2741529047489166,20.286800019675866
000615.npy,0.0027535742,25.601032272049036,0.7927201665009279,0.29248130321502686,20.20769999944605
000616.npy,0.0011400928,29.430597769102746,0.917408885518603,0.13863007724285126,20.19549999386072
000617.npy,0.0022620934,26.45489489684386,0.6386983774593701,0.3226340711116791,20.2360000112094
000618.npy,0.0019508295,27.097807019395756,0.6395071957691535,0.3621103763580322,20.388900011312217
000619.npy,0.0020533584,26.87535240696146,0.6223175204280094,0.3451802134513855,20.205200009513646
000620.npy,0.0014693155,28.32884950938968,0.7439348705502749,0.3087339401245117,20.185700006550178
000621.npy,0.0052966154,22.76001540795814,0.5939931109952024,0.3870896100997925,20.033299981150776
000622.npy,0.005253882,22.795196720610488,0.5819844894188214,0.41497015953063965,19.93199999560602
000623.npy,0.005097339,22.92656496752027,0.5997427115047528,0.3916335701942444,19.933800009312108
000624.npy,0.0050143357,22.9978657564564,0.7646701131212339,0.15824557840824127,19.923499989090487
000625.npy,0.07553475,11.218531686323022,0.2565398245956772,0.6179611086845398,19.849399977829307
000626.npy,0.07437221,11.285893201764562,0.262309955449049,0.5996936559677124,19.928399997297674
000627.npy,0.07551134,11.219878487710524,0.26168492145357886,0.6595199108123779,19.870700023602694
000628.npy,0.0011758436,29.296504475023838,0.8600700999507588,0.15384584665298462,19.828899996355176
000629.npy,0.0024248948,26.153070614165408,0.34108966257715223,0.8934659361839294,19.925700005842373
000630.npy,0.0024192114,26.163261663616495,0.35268341531145575,0.8557842373847961,19.84759999322705
000631.npy,0.0024422552,26.122089867827633,0.3445163721796572,0.8803935647010803,19.90399998612702
000632.npy,0.0016651156,27.785555796931636,0.7823228585354267,0.3079562485218048,19.81510000769049
000633.npy,0.0010213258,29.908356436847406,0.826193074673713,0.24799354374408722,19.932800001697615
000634.npy,0.00080272264,30.9543449788799,0.8707000555175692,0.24257631599903107,19.92000002064742
000635.npy,0.00091981643,30.362988197597723,0.8547938602133244,0.2092764526605606,19.872100005159155
000636.npy,0.0015976467,27.965192488474926,0.8028953033951521,0.198614239692688,19.91440000711009
000637.npy,0.001733783,27.610052323427745,0.8146357676463127,0.2994232475757599,19.90839999052696
000638.npy,0.0017191328,27.64690572914454,0.8037322330244779,0.2919486165046692,19.942799990531057
000639.npy,0.0019622934,27.07236046788541,0.7931395387892146,0.2659689486026764,19.94820000254549
000640.npy,0.002199912,26.575947188279105,0.710777189168348,0.31877103447914124,19.778599991695955
000641.npy,0.0085325,20.689237143641115,0.26999191242699466,0.8509137630462646,19.79269998264499
000642.npy,0.009416241,20.261224575835428,0.2621401958853509,0.9078141450881958,19.75579999270849
000643.npy,0.00030383302,35.17365031393957,0.9108207819660715,0.32846400141716003,19.78850000887178
000644.npy,0.0027064346,25.676024806586017,0.5539538294421583,0.4552130699157715,19.75600002333522
000645.npy,0.003182137,24.972811447372848,0.6279441514375601,0.2947612404823303,19.793399987975135
000646.npy,0.002765472,25.582307303163,0.6467291389692873,0.3168710172176361,19.732299988390878
000647.npy,0.0031120116,25.06958782083381,0.6167911673611709,0.30971571803092957,19.770300015807152
000648.npy,0.0034991982,24.56031426218083,0.7733640050134006,0.20601284503936768,19.73219998762943
000649.npy,0.0022531787,26.47204364496755,0.8638395586085096,0.139457106590271,19.764199998462573
000650.npy,0.0021623273,26.650785835480878,0.8695062651598453,0.14330707490444183,19.747599988477305
000651.npy,0.002167651,26.640106240685828,0.8711219073486328,0.14549623429775238,19.903400010662153
000652.npy,0.0008706397,30.60161534305145,0.8512056086909771,0.1843758523464203,19.788800011156127
000653.npy,0.0018612434,27.301968343372693,0.7889655406095981,0.2525741755962372,19.84159997664392
000654.npy,0.0019092776,27.19130917251207,0.7853666783645153,0.2458881437778473,19.889999995939434
000655.npy,0.0019243676,27.15711954420662,0.7807489529956579,0.2420767843723297,20.37969999946654
000656.npy,0.002439911,26.126260494899935,0.73758047905867,0.23665520548820496,20.560900011332706
000657.npy,0.0033329623,24.771696132788925,0.8174020741861164,0.21590709686279297,20.824799983529374
000658.npy,0.0033563864,24.741280586009328,0.8156811110697794,0.2070668637752533,20.502100000157952
000659.npy,0.0046554757,23.32035946634261,0.7968503806434553,0.19717076420783997,20.5275000189431
000660.npy,0.0006654254,31.769006215331416,0.902246620746255,0.09324702620506287,20.365599979413673
000661.npy,0.0005795929,32.36876941494146,0.7324003279271126,0.3990764319896698,20.349099999293685
000662.npy,0.00062582345,32.03548183101934,0.7284196855077744,0.373008131980896,20.33660002052784
000663.npy,0.00080930686,30.918867766549866,0.699323364446599,0.4322164058685303,20.171500014839694
000664.npy,0.032114103,14.933041994822469,0.5777287295580832,0.3468964993953705,20.49059999990277
000665.npy,0.0012878927,28.9012030887029,0.551967128955096,0.6240060329437256,20.048300008056685
000666.npy,0.0003586712,34.45303508773146,0.9801310797390417,0.06254002451896667,20.09520001593046
000667.npy,0.00046895776,33.2886626389479,0.976607260382914,0.05232550576329231,20.04479998140596
000668.npy,0.0008068511,30.932066080627074,0.8612831427847668,0.19930292665958405,20.11849998962134
000669.npy,0.0017308043,27.617520227037584,0.674901786475271,0.36393749713897705,20.048100006533787
000670.npy,0.0016443535,27.84004832955017,0.6982119663903713,0.3658563494682312,20.037600013893098
000671.npy,0.0017274676,27.625900775977883,0.6830777812762558,0.31586915254592896,19.88599999458529
000672.npy,0.0070162653,21.53893974497256,0.9046063634417765,0.06414781510829926,19.95560000068508
000673.npy,0.0020237868,26.938352426166233,0.83043861135377,0.052089378237724304,19.895300007192418
000674.npy,0.0026102895,25.833112987427732,0.7964916838940606,0.061017777770757675,19.86810000380501
000675.npy,0.0019921362,27.006809578989817,0.8423986152086854,0.04989295080304146,19.891000003553927
000676.npy,0.006064861,22.171791549664963,0.8425991755638309,0.14025810360908508,19.866099988576025
000677.npy,0.009929188,20.030862959239503,0.7742965056639723,0.13623641431331635,19.765499979257584
000678.npy,0.00915529,20.383278651004588,0.7902685512743816,0.13316041231155396,19.82839999254793
000679.npy,0.010123184,19.946828497073632,0.7802925611424744,0.142840176820755,19.772800005739555
000680.npy,0.001204114,29.193323698641713,0.8706476377583109,0.09419383108615875,19.765699980780482
000681.npy,0.0009484982,30.229634591637584,0.9092369968976974,0.07623420655727386,19.78560001589358
000682.npy,0.0011790339,29.284737249081836,0.8864150091615022,0.08487863093614578,19.802199996775016
000683.npy,0.00095786963,30.186935823804344,0.9025455802474022,0.07301406562328339,19.762400013860315
000684.npy,0.0020824014,26.814355491249096,0.8502012007878273,0.14628317952156067,19.7539999790024
000685.npy,0.0011173394,29.518149051989496,0.8427117189046973,0.20212170481681824,19.794699997873977
000686.npy,0.001280962,28.924637723294417,0.8091094272891804,0.2131163477897644,19.74970000446774
000687.npy,0.0011908431,29.241454773147893,0.8026186462577694,0.2193266600370407,19.425999984377995
000688.npy,0.0016925148,27.714675560828876,0.81914250349994,0.17969578504562378,18.639599991729483
000689.npy,0.0021711488,26.633104154652145,0.8886223277650476,0.10756984353065491,18.71120001305826
000690.npy,0.002570602,25.899651434886476,0.864330624162687,0.10411524772644043,18.661700014490634
000691.npy,0.0022895313,26.402534306865462,0.8776064479241074,0.10463307797908783,18.643599993083626
000692.npy,0.0008007516,30.96502172331234,0.9228899735041857,0.09603354334831238,18.630699982168153
000693.npy,0.00041232986,33.847551915879855,0.9164166434731483,0.13295891880989075,18.870100000640377
000694.npy,0.0012626564,28.987148130087977,0.8852006202435494,0.13552893698215485,18.872100015869364
000695.npy,0.00059518404,32.25348684539726,0.9056315532406568,0.1207183450460434,18.719099985901266
000696.npy,0.0014109894,28.50476216426912,0.49748068796928974,0.6339530944824219,18.769600021187216
000697.npy,0.0010404949,29.8276007667193,0.8080366749707087,0.29457753896713257,18.809400004101917
000698.npy,0.0008542013,30.684397469861008,0.8231085051679928,0.2765512466430664,18.950600002426654
000699.npy,0.000871224,30.598702051859846,0.8221952827057838,0.27307820320129395,18.907399993622676
000700.npy,0.00053047563,32.75334548946779,0.8741467740240098,0.17606092989444733,18.676600011531264
000701.npy,0.0020289803,26.92722178387009,0.49471556396193056,0.5835294723510742,18.676800013054162
000702.npy,0.0019833397,27.026029238893162,0.4888586784459352,0.6086484789848328,18.7333999783732
000703.npy,0.0020742945,26.831295669989753,0.500384104886353,0.5916903018951416,18.685599992750213
000704.npy,0.00094026414,30.267501313099217,0.7572875414963365,0.38900405168533325,18.79989998997189
000705.npy,0.008174928,20.875160549701484,0.21798339385358384,0.9278736710548401,18.737499980488792
000706.npy,0.008155892,20.885285615902255,0.20824734092367736,0.9544654488563538,18.812599999364465
000707.npy,0.006642192,21.776885786625467,0.24939257166574283,0.8897535800933838,18.771100003505126
000708.npy,0.0023452528,26.298103648060753,0.8845342368134037,0.08617091178894043,18.84589999099262
000709.npy,0.00018919955,37.2307991577162,0.9259158425483703,0.0629056990146637,19.138900010148063
000710.npy,0.00018924379,37.229783325854896,0.9171926393461227,0.050372496247291565,19.59099998930469
000711.npy,0.00020626206,36.855806408374704,0.9130278004574776,0.0602433867752552,19.628800015198067
000712.npy,0.0014118515,28.50210994320298,0.8301818067704663,0.20080195367336273,19.862800021655858
000713.npy,0.00051629485,32.871022205435054,0.8947952183448076,0.19373047351837158,19.870199990691617
000714.npy,0.0005937376,32.2640549118932,0.8903854914266766,0.1836014986038208,20.025800011353567
000715.npy,0.0005546298,32.55996841970517,0.8908172564018368,0.18998099863529205,19.856099999742582
000716.npy,0.006557384,21.832693789956824,0.7111439140701242,0.28182414174079895,19.767999998293817
000717.npy,0.00791602,21.01493131595529,0.766206670826599,0.23066146671772003,20.025800011353567
000718.npy,0.008357963,20.778995571116692,0.763096665607363,0.23319250345230103,20.0963000243064
000719.npy,0.008301605,20.808379742714767,0.7613518760991246,0.23862509429454803,20.063099975232035
000720.npy,0.0041100904,23.861485953575986,0.782124623468697,0.23145873844623566,19.723699981113896
000721.npy,0.0014371836,28.424877579429232,0.9220463849372864,0.0785573348402977,19.76740002282895
000722.npy,0.0013711243,28.6292317994329,0.9270261242136956,0.06941160559654236,19.891499978257343
000723.npy,0.0018084482,27.426939294489504,0.9092715819380284,0.07103666663169861,19.76759999524802
000724.npy,0.0037448183,24.265692423961383,0.6380657604735493,0.3812201917171478,19.828700023936108
000725.npy,0.004726603,23.254508427171757,0.7032002098551243,0.2962222695350647,19.748199993046
000726.npy,0.00481278,23.176040117671903,0.7038332734670788,0.3261106610298157,19.751999992877245
000727.npy,0.004592118,23.379869907616715,0.6986838919135183,0.3312421143054962,19.762299983995035
000728.npy,0.0012567774,29.007416242616387,0.7901230355688268,0.20288856327533722,19.763700023759156
000729.npy,0.0013508865,28.6938111573517,0.7536957200775891,0.1975836306810379,19.793399987975135
000730.npy,0.00070317346,31.529375073514846,0.827846288105607,0.18547412753105164,19.722299999557436
000731.npy,0.0011577127,29.363992121863973,0.7730086882643923,0.2245924174785614,19.789100013440475
000732.npy,0.006131349,22.124439474000486,0.6599141238142653,0.3863012492656708,19.76779999677092
000733.npy,0.003037698,25.174553970332305,0.4519459069770833,0.4942561984062195,19.753300002776086
000734.npy,0.0030970976,25.090451184868606,0.46576548400394663,0.4327164888381958,19.85769998282194
000735.npy,0.003698165,24.320137287222757,0.4063506088161645,0.48976340889930725,19.952100003138185
000736.npy,0.0014694015,28.32859515233531,0.8317171469741724,0.1560853123664856,19.74079999490641
000737.npy,0.00040209605,33.95670182768415,0.9307112890726328,0.16687627136707306,19.756099994992837
000738.npy,0.00045552914,33.41483847301406,0.885080223197937,0.25981706380844116,19.783600000664592
000739.npy,0.0005666372,32.466949122476954,0.8686446485316008,0.19748742878437042,19.98240000102669
000740.npy,0.0007209009,31.421244538879243,0.8101491096452773,0.29243171215057373,19.764099997701123
000741.npy,0.0014175738,28.484543331516832,0.7353860212302431,0.39321479201316833,19.806800002697855
000742.npy,0.0017371848,27.601539849057094,0.6814855611214172,0.3838285803794861,19.736699992790818
000743.npy,0.0016253769,27.890459316030558,0.718900850204736,0.3305225372314453,19.773100008023903
000744.npy,0.0029970151,25.233110615810396,0.7953103525867303,0.17000159621238708,19.8417000065092
000745.npy,0.00040122584,33.9661109796605,0.7565758924422264,0.45608776807785034,20.071599981747568
000746.npy,0.0005575217,32.537382386893995,0.7164847539644241,0.5319730043411255,20.165599999018013
000747.npy,0.0004125627,33.84510062021434,0.746543817050457,0.45227882266044617,20.40620002662763
000748.npy,0.0034394031,24.635169277690075,0.5677078177527711,0.47413069009780884,20.252599992090836
000749.npy,0.0027912157,25.542065802123233,0.7255950151818394,0.3548271358013153,20.186499983537942
000750.npy,0.0029245967,25.339340355153134,0.7167298879415123,0.36572372913360596,20.34410001942888
000751.npy,0.002773386,25.569896808346073,0.7249032748824935,0.37409839034080505,20.23130000452511
000752.npy,0.0010228122,29.902041107734444,0.6936604953516591,0.5885745286941528,20.680800022091717
000753.npy,0.00324166,24.89232530261753,0.28358359746400547,0.9243961572647095,20.673299994086847
000754.npy,0.0035035317,24.55493931836518,0.27133202244781146,0.9520585536956787,20.67440000246279
000755.npy,0.0036727276,24.35011291859277,0.26079872009293736,0.9804622530937195,19.998000003397465
000756.npy,0.0007411608,31.30087567861786,0.8158816111528874,0.218889981508255,19.907800015062094
000757.npy,0.00048263717,33.16379218791901,0.8493723122243285,0.19264249503612518,19.910899980459362
000758.npy,0.0004230137,33.736455501555454,0.8591700403457582,0.2105146199464798,20.00190000399016
000759.npy,0.00059749966,32.23662358032321,0.851348570992589,0.19292870163917542,19.892700016498566
000760.npy,0.0037721875,24.234067356732346,0.2886213022282757,0.830811619758606,19.92329998756759
000761.npy,0.0043080477,23.65719479880154,0.28137411773661525,0.8554075956344604,19.917500001611188
000762.npy,0.004490561,23.47699451894579,0.29974026285535843,0.8163710832595825,19.898500002454966
000763.npy,0.004518067,23.450473407416542,0.2898856654921798,0.8347526788711548,19.880500010913238
000764.npy,0.008732404,20.588662066820227,0.7684574813404754,0.2950356602668762,19.91420000558719
000765.npy,0.0011815762,29.27538308023365,0.8097843676254823,0.27610331773757935,19.89220001269132
000766.npy,0.0013580242,28.670925046860283,0.8069075193601735,0.2616036832332611,19.889799994416535
000767.npy,0.0012234555,29.12411796436707,0.810011512700595,0.2516372799873352,19.904700020560995
000768.npy,0.0050196853,22.99323525641054,0.776044483229593,0.25536149740219116,19.938600016757846
000769.npy,0.00073101756,31.360721887314206,0.7893937413246781,0.3509732484817505,19.913299998734146
000770.npy,0.0006520375,31.85727427583827,0.7989070434446931,0.35529032349586487,19.894700002623722
000771.npy,0.0010772448,29.676856250475815,0.7782382555785887,0.31334125995635986,19.952500006183982
000772.npy,0.0013120178,28.820602787036854,0.7516464815888703,0.2854686379432678,20.037499984027818
000773.npy,0.00062785164,32.02142969855706,0.8406294366475194,0.20959807932376862,19.92479999898933
000774.npy,0.0006854917,31.6399777220349,0.8316260681579113,0.1962956190109253,19.749300001421943
000775.npy,0.00072639517,31.388270315891262,0.8254933703452647,0.2141837775707245,19.76899997680448
000776.npy,0.0050145527,22.99767754505293,0.8298087942147729,0.2568846344947815,19.750700012082234
000777.npy,0.0048373523,23.15392306584088,0.4843088040619794,0.4472353756427765,19.733799999812618
000778.npy,0.005451792,22.634607359608655,0.4710508784783973,0.46283769607543945,19.88780000829138
000779.npy,0.0062454417,22.04436818771708,0.4497593958901299,0.4789621829986572,19.879100000252947
000780.npy,0.00801673,20.960027444768315,0.6824198567763604,0.3185228109359741,19.75710000260733
000781.npy,0.000934153,30.295820152839138,0.751118210612759,0.38200533390045166,19.757799978833646
000782.npy,0.00089733186,30.470469014077008,0.7553993924815505,0.4852883517742157,19.747699989238754
000783.npy,0.00088349456,30.537961155457992,0.7555477517597675,0.4676240086555481,19.73080000607297
000784.npy,0.0016059899,27.942572272062964,0.8261632462927923,0.17474833130836487,19.79439999558963
000785.npy,0.00032177937,34.92441788665023,0.915161679056406,0.13350039720535278,19.760900002438575
000786.npy,0.0003380948,34.709614928346525,0.9143980625516176,0.12757228314876556,19.785700016655028
000787.npy,0.00040401268,33.936049660877536,0.901363307216525,0.11769649386405945,19.769400008954108
000788.npy,0.00061857817,32.086054030220645,0.793877635789752,0.26668795943260193,19.878999999491498
000789.npy,0.0002514513,35.99546100718357,0.9280850166585446,0.16345740854740143,19.968000007793307
000790.npy,0.00022377884,36.50180983383575,0.942963217446804,0.13118524849414825,19.787800003541633
000791.npy,0.00023738184,36.24552523752045,0.9300383505210876,0.18082962930202484,19.772500003455207
000792.npy,0.00079310586,31.006688202673345,0.8706797176174745,0.2508793771266937,19.84300001640804
000793.npy,0.002059714,26.86193084817916,0.6966236282264013,0.3577503561973572,19.742700009373948
000794.npy,0.0020305007,26.923968346654902,0.6900771964513064,0.35362130403518677,19.742800010135397
000795.npy,0.0016286474,27.881729380137692,0.7115944442317388,0.33132946491241455,19.787600002018735
000796.npy,0.0004867089,33.127307107803716,0.9605013891583085,0.08618608862161636,19.78959998814389
000797.npy,0.00065698824,31.824423960812894,0.8320976229023933,0.2243596613407135,20.321999996667728
000798.npy,0.0007345773,31.339624830277266,0.8251789923155308,0.21939970552921295,20.719299995107576
000799.npy,0.0010251433,29.89215443353817,0.8103640367813706,0.21842241287231445,20.70520000415854
000800.npy,0.0038230468,24.175903868522347,0.28717503574442865,0.8051479458808899,20.72749999933876
000801.npy,0.0007192369,31.43128008186668,0.6532775320725441,0.49167731404304504,20.70670001558028
000802.npy,0.0008698491,30.605560640840565,0.6163993000793457,0.5173675417900085,20.68479999434203
000803.npy,0.0007250242,31.396475005352396,0.6557145159317255,0.4864404499530792,20.86390001932159
000804.npy,0.007565238,21.211773913987347,0.6395846177085284,0.3490693271160126,20.97939999657683
000805.npy,0.000159715,37.966542691410424,0.9400987428004741,0.12251198291778564,21.104500017827377
000806.npy,0.0003027161,35.189645286594846,0.9147990798568726,0.13514924049377441,21.22250001411885
000807.npy,0.00036055222,34.43031818054906,0.9061451904934644,0.1454329490661621,21.262199996272102
000808.npy,0.00048186095,33.17078271738517,0.9016286732292176,0.1366269886493683,20.698899985291064
000809.npy,0.00056945975,32.44536966299455,0.9262287521352768,0.18729178607463837,20.699799992144108
000810.npy,0.00051961414,32.843190517129315,0.9162661741675809,0.23240503668785095,20.749300019815564
000811.npy,0.001022404,29.9037749433584,0.913109258507967,0.18247513473033905,20.713900012196973
000812.npy,0.0014636982,28.34548486163182,0.8380624771168381,0.17985035479068756,20.72760000010021
000813.npy,0.0042037894,23.763590338327866,0.7265828817428723,0.29830533266067505,20.045600016601384
000814.npy,0.0042208578,23.745992669161012,0.7238843559058467,0.28376519680023193,20.06999999866821
000815.npy,0.004397857,23.567589180536924,0.7105336775951763,0.27865251898765564,20.034000015584752
000816.npy,0.0010505801,29.78570847475217,0.7267034276238773,0.3699657618999481,20.071599981747568
000817.npy,0.0062831524,22.01822400371922,0.5798566850589327,0.43364810943603516,20.05059999646619
000818.npy,0.0064429664,21.909141208709862,0.5422673043632656,0.45959436893463135,20.02560000983067
000819.npy,0.007541042,21.225686367876236,0.5309594826383367,0.45919668674468994,20.077499997569248
000820.npy,0.006960228,21.573765344972532,0.6554031490390301,0.2268456518650055,20.097299973713234
000821.npy,0.0001704396,37.684295143233555,0.9041060345697403,0.12934483587741852,20.031599997309968
000822.npy,0.0002501221,36.018479465785234,0.8862421367211342,0.14025263488292694,20.083799987332895
000823.npy,0.00019446758,37.11152811019627,0.8969380127983093,0.1429865062236786,19.76470000226982
000824.npy,0.00076121197,31.184943677514806,0.8065533215258122,0.3358033299446106,19.80320000438951
000825.npy,0.0008057335,30.93808587477454,0.9114185867767036,0.1375548094511032,19.720999989658594
000826.npy,0.0006372407,31.9569649412214,0.92098808974576,0.172592431306839,19.773899985011667
000827.npy,0.00064011733,31.937404292696755,0.9156850029568672,0.10602325201034546,19.74079999490641
000828.npy,0.0005908796,32.285009884247586,0.8285523992256373,0.2755858898162842,19.877899991115555
000829.npy,0.00055262865,32.57566622868523,0.7898653726258278,0.30391284823417664,19.82099999440834
000830.npy,0.0005048334,32.96851929208705,0.7996707723783255,0.32229864597320557,19.864200003212318
000831.npy,0.00048065576,33.18165861314402,0.8057056707298755,0.3504546880722046,19.824399991193786
000832.npy,0.0021010886,26.77555620415251,0.8849076032497734,0.24223557114601135,19.82390001649037
000833.npy,0.0029456208,25.308231502026246,0.7920416773992637,0.22404903173446655,19.77340001030825
000834.npy,0.0040261075,23.951146509431823,0.8129163135318104,0.20759180188179016,19.886800000676885
000835.npy,0.003371823,24.721352081033224,0.8157514112539105,0.22272036969661713,19.791600003372878
000836.npy,0.0019513115,27.096734497826397,0.8021693371508122,0.18172383308410645,19.73940001334995
000837.npy,0.0021221873,26.73216275737073,0.8005675211482048,0.2227775752544403,19.772699975874275
000838.npy,0.0011362296,29.445339298550333,0.8567030934376717,0.17658475041389465,19.755200017243624
000839.npy,0.0013798766,28.60159742330157,0.8369240863715522,0.1729341447353363,19.772500003455207
000840.npy,0.0017806615,27.49418615133648,0.8385891057607653,0.20129328966140747,19.766500015975907
000841.npy,0.00055954396,32.52165769094362,0.9181514583250433,0.13022387027740479,19.782999996095896
000842.npy,0.00056118757,32.50891924116742,0.9134369492490292,0.14968296885490417,19.797899993136525
000843.npy,0.0006868211,31.63156358424917,0.908933650666412,0.1271904706954956,19.78209998924285
000844.npy,0.0022332624,26.51060267526011,0.6615012641006466,0.2640402317047119,19.801899994490668
000845.npy,0.00046175928,33.35584387636839,0.9034020649187565,0.09164978563785553,20.340000017313287
000846.npy,0.00027763844,35.56520419738626,0.9350745517272949,0.07405780255794525,20.24920002440922
000847.npy,0.0003798867,34.20345910368545,0.9087913866390139,0.11421665549278259,20.212500006891787
000848.npy,0.0020543025,26.873356565008383,0.6735626300941976,0.31446152925491333,20.216799981426448
000849.npy,0.000921386,30.355584105282315,0.8029438391691744,0.37863263487815857,21.64200000697747
000850.npy,0.0009186284,30.36860108897075,0.7895463803737164,0.3992481827735901,22.243699990212917
000851.npy,0.0007856407,31.04776032219929,0.8137772366600037,0.38020533323287964,22.42260001366958
000852.npy,0.003951192,24.032718723340565,0.7503408596267793,0.30588141083717346,22.79869999620132
000853.npy,0.0059106518,22.283646418107725,0.6239220455161725,0.4602857232093811,22.697500011418015
000854.npy,0.0056212656,22.501658577690748,0.6045732302163541,0.4650062620639801,22.084199998062104
000855.npy,0.0061702575,22.096967049454904,0.591805802399449,0.47304221987724304,22.05239998875186
000856.npy,0.0043306584,23.63446048038424,0.7634524757657628,0.21596917510032654,22.07300000009127
000857.npy,0.0007112239,31.479936670835432,0.7720791392467022,0.3539057672023773,22.002399986376986
000858.npy,0.00092738005,30.327422276232756,0.7310190143827349,0.37773892283439636,22.040799987735227
000859.npy,0.000782453,31.0654175582965,0.7485258218710422,0.46354761719703674,22.021499986294657
000860.npy,0.0010026464,29.98852193219182,0.8877972754849494,0.14073868095874786,22.07899998757057
000861.npy,0.0027419848,25.619349794452198,0.6802883458561141,0.32575422525405884,22.039899980882183
000862.npy,0.0021251603,26.726083365842825,0.7189578906582109,0.3400554656982422,22.008900006767362
000863.npy,0.0025284933,25.97138217798952,0.6951988155888975,0.2839801013469696,22.09350001066923
000864.npy,0.010379807,19.838107048085657,0.7023583416532557,0.3210311830043793,20.374000014271587
000865.npy,0.0044495044,23.516883409270292,0.31039425550185307,0.8022048473358154,20.405500021297485
000866.npy,0.0044373926,23.528721603294972,0.28839359690928995,0.867662250995636,20.54100000532344
000867.npy,0.0047367727,23.24517438973363,0.28206599079446576,0.8490040302276611,20.399000000907108
000868.npy,0.0020615812,26.85799550990079,0.8021041674353481,0.23563916981220245,20.500400016317144
000869.npy,0.0037188588,24.295903204708384,0.30494077290425275,0.8062335252761841,20.42529999744147
000870.npy,0.0034849124,24.57808148763563,0.2945786868917048,0.83492112159729,20.510199974523857
000871.npy,0.0043610483,23.604090781574023,0.2817024082219079,0.8208894729614258,20.450099982554093
000872.npy,0.00075629103,31.21311047875752,0.851790981441021,0.16787590086460114,20.38830000674352
000873.npy,0.0021237591,26.728947614152915,0.6924157080685198,0.35215505957603455,20.384799980092794
000874.npy,0.002413027,26.174378437827798,0.6738414790892354,0.33453238010406494,20.38559998618439
000875.npy,0.002102764,26.772094643043168,0.6933666296321228,0.35019516944885254,20.363899995572865
000876.npy,0.0012925246,28.88561162415693,0.787393225549452,0.31114819645881653,20.39150000200607
000877.npy,0.00024893053,36.03921817631408,0.8798035295169353,0.31110575795173645,19.888699986040592
000878.npy,0.00019517695,37.09571449847226,0.9007771886463165,0.28490567207336426,19.911899988073856
000879.npy,0.00020586618,36.86414998533654,0.8904396715707779,0.27077531814575195,19.910799979697913
000880.npy,0.0013323226,28.75390628582511,0.5179586901016235,0.6452282667160034,19.892499985871837
000881.npy,0.00056704367,32.463834736106534,0.866443343836546,0.19067779183387756,19.993399997474626
000882.npy,0.00045969483,33.37530365062022,0.8875911643016339,0.2019861340522766,19.892399985110387
000883.npy,0.0004877252,33.11824819934821,0.8820920841494426,0.19036880135536194,19.883800006937236
000884.npy,0.00030242477,35.19382625406363,0.8310559427137375,0.2999858856201172,20.751799980644137
000885.npy,0.0011138436,29.531757698737845,0.8778683527700901,0.14896371960639954,19.749500002944842
000886.npy,0.0008855099,30.528066006191025,0.8931608736358583,0.10853899270296097,19.740000017918646
000887.npy,0.00089230656,30.494859221900242,0.892137268017292,0.13345867395401,19.775299995671958
000888.npy,0.001840943,27.349596917997516,0.7013029103759844,0.3569365441799164,19.723700010217726
000889.npy,0.00033990742,34.68639329704568,0.9183065021095276,0.22674185037612915,19.7766000055708
000890.npy,0.00029180344,35.34909581255342,0.9259954621291161,0.22884996235370636,19.754499982809648
000891.npy,0.00025892386,35.86827954567121,0.9309302699365616,0.19045008718967438,19.77220000117086
000892.npy,0.0030555231,25.14914405900207,0.7563961063116165,0.19303910434246063,19.785599986789748
000893.npy,0.0010188326,29.918971932368443,0.8396264416055456,0.29426679015159607,19.819899986032397
000894.npy,0.0015783978,28.01783495291825,0.7962357190812726,0.2646641433238983,19.775699998717755
000895.npy,0.0018327199,27.369039001701672,0.7848879063506052,0.2846306562423706,19.722199998795986
000896.npy,0.0023449217,26.298716417736614,0.8485659669523798,0.17935366928577423,19.876400008797646
000897.npy,0.0008268386,30.82579269703193,0.9027982254879474,0.11838027834892273,19.871600001351908
000898.npy,0.0007112867,31.47955315586124,0.9121612477293014,0.1591770052909851,19.766600016737357
000899.npy,0.00067726464,31.69241624924185,0.9204552087094784,0.15814834833145142,19.711600005393848
000900.npy,0.01275906,18.941813537901623,0.31540638372217056,0.8169107437133789,19.830699980957434
000901.npy,0.0016057213,27.94329827030294,0.8089745510843694,0.15321551263332367,19.82260000659153
000902.npy,0.0018114949,27.419628652270042,0.7922123025925792,0.20436060428619385,19.846799987135455
000903.npy,0.0014176363,28.48435158897066,0.8186277487304211,0.16942951083183289,19.854299986036494
000904.npy,0.0029966086,25.233699981280743,0.8383106771065648,0.17646317183971405,19.808099983492866
000905.npy,0.0040885494,23.88430764168791,0.23538043689871951,0.8560931086540222,19.817400025203824
000906.npy,0.0005230897,32.814238252935404,0.7373422798335553,0.5725600123405457,19.807300006505102
000907.npy,0.0023266985,26.332599069923425,0.31411352784979346,0.8355465531349182,20.22259999648668
000908.npy,0.0015861315,27.996608004002628,0.8262694860246778,0.2753473222255707,20.302799995988607
000909.npy,0.0004087346,33.88558591315854,0.8687437300236523,0.3137592673301697,20.519299985608086
000910.npy,0.00026573523,35.755508859393665,0.8893734830880166,0.3127342462539673,20.555499999318272
000911.npy,0.0002615057,35.8251885700334,0.8951599105453492,0.34554746747016907,20.66409998224117
000912.npy,0.0009540001,30.204515612142174,0.7831186226079762,0.2914954721927643,20.86100002634339
000913.npy,0.004768799,23.2159096182081,0.757444490978662,0.21626432240009308,20.92759998049587
000914.npy,0.004356605,23.60851805741044,0.7643161484856158,0.26259905099868774,20.8771999750752
000915.npy,0.003964588,24.018019419636573,0.779232389782101,0.28790509700775146,20.90400000452064
000916.npy,0.006508786,21.864999962683576,0.7583252650656402,0.23671650886535645,20.87999999639578
000917.npy,0.0014459286,28.398531568308027,0.6999364195807278,0.3680843114852905,20.890299987513572
000918.npy,0.0014191032,28.47985980566058,0.703026852212226,0.3861616849899292,20.88300001923926
000919.npy,0.0016040681,27.947771767460708,0.6845356128059644,0.3291894197463989,21.042700012912974
000920.npy,0.0017818578,27.491269681299343,0.846098920771122,0.2203768640756607,21.075199998449534
000921.npy,0.0023740835,26.24504013809226,0.7603252296182066,0.27642756700515747,21.037700003944337
000922.npy,0.0024046616,26.18946026311339,0.7663751463138948,0.2776334285736084,21.304599998984486
000923.npy,0.0025297634,25.969200879099454,0.7522850578371882,0.2591816484928131,21.30699998815544
000924.npy,0.00029947105,35.23645171633107,0.9672890722465515,0.05577326565980911,21.487999998498708
000925.npy,0.0008604803,30.652590766620946,0.6629920813015103,0.5138253569602966,21.429399988846853
000926.npy,0.0008982891,30.465838718258823,0.6648742223606706,0.4882299304008484,21.590999996988103
000927.npy,0.0008268083,30.825951796041604,0.6718980198138952,0.4906817376613617,21.690299996407703
000928.npy,0.0005322966,32.73846302450671,0.9207898950281739,0.17281988263130188,21.88610000303015
000929.npy,0.0022887713,26.40397599722504,0.6434622342848704,0.32712632417678833,21.81390000623651
000930.npy,0.0018690221,27.28385562268896,0.748517161800879,0.21141590178012848,21.78859998821281
000931.npy,0.0017281601,27.624160135877514,0.7557658711346555,0.20666372776031494,22.040100011508912
000932.npy,0.0022467186,26.484513035306783,0.9416217399220225,0.024686576798558235,22.04330000677146
000933.npy,0.00083996524,30.75738649585547,0.7653967066104338,0.30410775542259216,22.462300024926662
000934.npy,0.00042807142,33.684837754983675,0.8543801548399925,0.2510518729686737,22.529000008944422
000935.npy,0.0008144384,30.8914175874272,0.7621368111272971,0.3233136534690857,22.466000023996457
000936.npy,0.0027417631,25.61970058590923,0.7151561059078676,0.24642054736614227,21.84469997882843
000937.npy,0.0008536477,30.68721325932621,0.8081221460650713,0.36855465173721313,21.808100020280108
000938.npy,0.0005187255,32.85062420872138,0.797100676813066,0.3826923668384552,21.857800020370632
000939.npy,0.000754424,31.22384479358225,0.8284509400774985,0.3365294933319092,21.928300004219636
000940.npy,0.0069749234,21.564605304483003,0.5227610339095659,0.44572192430496216,21.803999989060685
000941.npy,0.0002887374,35.39496941055231,0.9065967837722302,0.21399956941604614,20.707499992568046
000942.npy,0.00028730268,35.41660318830323,0.9075994832692146,0.17433907091617584,20.706200011773035
000943.npy,0.0003024261,35.193807197632836,0.9043442377738953,0.1818811595439911,20.685100025730208
000944.npy,0.0002980331,35.25735491261743,0.8999953896660805,0.2346564680337906,20.743000000948086
000945.npy,0.00051575387,32.87557514179794,0.9351994619724006,0.07412342727184296,20.726899994770065
000946.npy,0.00038289363,34.16921858547879,0.9469574260525704,0.04637959972023964,20.740000007208437
000947.npy,0.00045258531,33.44299544514997,0.941479440062792,0.052704937756061554,20.73079999536276
000948.npy,0.0015792511,28.01548813781207,0.8278967542447112,0.18668872117996216,20.728399977087975
000949.npy,0.00034642968,34.60384903755981,0.907569738011837,0.14323636889457703,20.716800005175173
000950.npy,0.00034681783,34.59898588920799,0.9084312795929909,0.14509037137031555,20.69340000161901
000951.npy,0.00035713817,34.471637227550374,0.9019593915457725,0.13450786471366882,20.71160002378747
000952.npy,0.0026281737,25.803459472582155,0.4723098386947941,0.5304816961288452,20.7751999842003
000953.npy,0.0006014972,32.20766377975613,0.7028002109929323,0.4805985689163208,20.705100003397092
000954.npy,0.00059673603,32.24217714083546,0.7439999816058874,0.4841049313545227,20.75860000331886
000955.npy,0.0006445254,31.9075997243272,0.6936431797598875,0.4906533658504486,20.726600021589547
000956.npy,0.004066115,23.908203379360597,0.7567495743264705,0.24143105745315552,20.71879999130033
000957.npy,0.07386645,11.315527545648605,0.2659905436555017,0.5443573594093323,20.72450000559911
000958.npy,0.075482704,11.221525391853497,0.2572699320146478,0.5612151026725769,20.713499980047345
000959.npy,0.074395925,11.284508245999213,0.259997526350457,0.5425767302513123,20.69220002158545
000960.npy,0.00015720949,38.035212707840834,0.9449075842456818,0.1874055564403534,20.70839999942109
000961.npy,0.0004849563,33.14297363165773,0.7541890437026024,0.4549042284488678,21.31910002208315
000962.npy,0.0007356312,31.333398683123328,0.7047401031901837,0.46881917119026184,21.214800013694912
000963.npy,0.00050767406,32.9441503559786,0.7471083281149864,0.47346031665802,21.584400004940107
000964.npy,0.0016668766,27.780965580394206,0.8328768200770803,0.15904821455478668,21.49500002269633
000965.npy,0.001036984,29.842279388602023,0.8760564432774782,0.14555595815181732,21.806900011142716
000966.npy,0.00077022973,31.133796905466316,0.9015183164944649,0.19433388113975525,21.823800023412332
000967.npy,0.0011427258,29.42058004893187,0.8661230765524023,0.15041609108448029,22.334499983116984
000968.npy,0.0035533137,24.493664625063126,0.759538322151158,0.2599479854106903,22.237899975152686
000969.npy,0.0035763094,24.46564905296981,0.6302301336971186,0.3311254680156708,22.678200009977445
000970.npy,0.0035661794,24.47796803839391,0.6270386778887026,0.3597377836704254,22.655899985693395
000971.npy,0.003818373,24.181216724620086,0.6418679518823307,0.33830976486206055,22.713999991538003
000972.npy,0.0005683891,32.45354299095415,0.9167690154190287,0.10587294399738312,20.381399983307347
000973.npy,0.00046792018,33.29828213499538,0.8760248103298843,0.1606960892677307,20.595500012859702
000974.npy,0.00058828754,32.304103423581616,0.8654027666342259,0.14697566628456116,20.4282000195235
000975.npy,0.00083848,30.76507309787533,0.8169463103911578,0.19246473908424377,20.38980001816526
000976.npy,0.00038713813,34.121340401422074,0.8402673827357292,0.37115272879600525,20.448299997951835
000977.npy,0.00055602525,32.54905474408314,0.9722046445909143,0.03890952467918396,19.953799986978993
000978.npy,0.0005140515,32.8899336913275,0.9743602179307937,0.03553836792707443,19.925600005080923
000979.npy,0.00047155644,33.26466290810054,0.9726022482857705,0.04735783487558365,19.88470001379028
000980.npy,0.0052003777,22.839650863392436,0.6447011274819225,0.257783979177475,19.855999998981133
000981.npy,0.0035764542,24.465473225166875,0.7097188962175762,0.2975689172744751,19.840599998133257
000982.npy,0.003636096,24.393646646165795,0.6963517206834983,0.30263257026672363,19.782699993811548
000983.npy,0.0026625656,25.74699707787728,0.7175087976944765,0.30998820066452026,19.805799995083362
000984.npy,0.07530855,11.231557131657514,0.257356229884573,0.5957183837890625,19.75700000184588
000985.npy,0.0017107157,27.668221680528205,0.8161977024118622,0.283799409866333,19.7422000055667
000986.npy,0.001757958,27.549915068489575,0.815974300592714,0.2883620858192444,19.759099988732487
000987.npy,0.0015238824,28.170485609559478,0.8386835447110473,0.27528589963912964,19.81030000024475
000988.npy,0.0009318468,30.306554680722577,0.869007360516563,0.20350810885429382,19.79409999330528
000989.npy,0.0007865111,31.042951386601256,0.8541209151690602,0.19422763586044312,19.74710001377389
000990.npy,0.000657325,31.822197985635242,0.8821315015734136,0.1559520959854126,19.753900007344782
000991.npy,0.0005195064,32.84409097725271,0.8732106224660874,0.2112979292869568,19.708699983311817
000992.npy,0.00026006662,35.849153774825375,0.8830016694836617,0.23836761713027954,19.747600017581135
000993.npy,0.0006696876,31.7412776826987,0.6798228354887962,0.4735623896121979,19.829500000923872
000994.npy,0.0005957716,32.2492022501845,0.6816517432935237,0.4921022057533264,19.816799991531298
000995.npy,0.0005540367,32.56461457917491,0.6877877709746361,0.5093221068382263,19.743600016226992
000996.npy,0.0013038634,28.847678929639365,0.8848306146343797,0.1262514591217041,19.768700003623962
000997.npy,0.0011027616,29.57518358507943,0.8562137912448049,0.17506621778011322,19.750299979932606
000998.npy,0.0009439019,30.250731299204716,0.8668701174798124,0.17632287740707397,19.763700023759156
000999.npy,0.00083394087,30.788647554460333,0.8862329886100292,0.17485544085502625,19.780300004640594
001000.npy,0.006818419,21.663163128805042,0.5813259401731607,0.545369029045105,19.854300015140325
001001.npy,0.0018230663,27.391975716119383,0.5505747237599566,0.5285683870315552,20.544500002870336
001002.npy,0.0018576197,27.310431786914716,0.5087113068677261,0.7114461064338684,20.489899994572625
001003.npy,0.0018211919,27.396442846453382,0.5404318100777679,0.5469412207603455,20.728599978610873
001004.npy,0.0025981776,25.853311507618088,0.8329369766939282,0.20770998299121857,20.959500019671395
001005.npy,0.0004836345,33.15482739345273,0.854355482475996,0.2933160662651062,20.82809997955337
001006.npy,0.00045931336,33.378909011167636,0.8620238754639625,0.28171658515930176,19.901799998478964
001007.npy,0.000448939,33.4781264989808,0.8689447877550125,0.301645427942276,19.913900003302842
001008.npy,0.002468678,26.075355792243204,0.6220259891709434,0.3720153570175171,19.937600009143353
001009.npy,0.0012106101,29.169957025585127,0.8446872512139082,0.17884036898612976,19.883899978594854
001010.npy,0.0011443608,29.414370502805237,0.8722675183054059,0.19245225191116333,19.906000001356006
001011.npy,0.0008510082,30.70066248232221,0.89172498375009,0.1420561820268631,19.941599981393665
001012.npy,0.0018225304,27.39325191222447,0.8200165182794332,0.18910187482833862,19.878399994922802
001013.npy,0.0010583561,29.75368189434134,0.9412458855479061,0.09676078706979752,19.89939998020418
001014.npy,0.0012612995,28.991817459274863,0.9211553402310675,0.1074073538184166,19.891099975211546
001015.npy,0.0012016135,29.202352029435556,0.864653485743925,0.19036629796028137,19.977599993580952
001016.npy,0.0016860273,27.731354292905017,0.808980535334574,0.2087131142616272,19.891000003553927
001017.npy,0.00097318523,30.11804486123279,0.8597257520016208,0.1383829265832901,19.901299994671717
001018.npy,0.0009755362,30.10756597757759,0.8240692192308977,0.2157149612903595,19.897700025467202
001019.npy,0.0009693011,30.135412906577386,0.8489288578488808,0.184096559882164,19.90699997986667
001020.npy,0.0030276184,25.1889886472905,0.7574631730995979,0.22924943268299103,19.925000000512227
001021.npy,0.0027466356,25.61198927257754,0.7006849588955468,0.2958539128303528,19.877600017935038
001022.npy,0.0024758717,26.062718645329362,0.712556113827914,0.2663062512874603,19.876600010320544
001023.npy,0.0019983486,26.993287418643863,0.7672066937537193,0.27740025520324707,19.876100006513298
001024.npy,0.0014706403,28.324935367573932,0.8838508363802731,0.15859058499336243,19.902000000001863
001025.npy,0.0017504718,27.56844858914222,0.4596054450780153,0.6949333548545837,20.071700011612847
001026.npy,0.0017560745,27.554570802643138,0.46517554392695426,0.7140929102897644,20.0089999998454
001027.npy,0.001793245,27.463603758091814,0.4729559413688928,0.6505716443061829,19.894099998055026
001028.npy,0.00134404,28.71587815109158,0.882033536253132,0.11683337390422821,19.91269999416545
001029.npy,0.0005368284,32.701644826784964,0.8574941885437966,0.2706875205039978,19.864800007781014
001030.npy,0.00065733254,31.82214836175224,0.8359766641995907,0.270818829536438,20.594599976902828
001031.npy,0.00052207446,32.82267550004885,0.8483074156336784,0.2973876893520355,20.780099992407486
001032.npy,0.0068279644,21.657087593131852,0.7456311177328685,0.3171069920063019,20.710600016172975
001033.npy,0.0041040927,23.867828343025632,0.7479041417927184,0.290294885635376,20.759100007126108
001034.npy,0.005600619,22.517639454202715,0.7467339608843103,0.2755526006221771,21.652700001141056
001035.npy,0.0038693713,24.123596116916875,0.754979951997593,0.30370381474494934,22.91889998014085
001036.npy,0.0008921176,30.49577883685275,0.8996304837728366,0.23212780058383942,22.862000012537464
001037.npy,0.0032431097,24.89038330101185,0.6441050453872053,0.37975022196769714,23.06549999048002
001038.npy,0.0030183573,25.202293802828805,0.6352827510231678,0.41010838747024536,23.138699994888157
001039.npy,0.003106359,25.077483709495635,0.6608701450785958,0.3994283676147461,21.53339999495074
001040.npy,0.002633851,25.794088300679164,0.7859071912120916,0.40313974022865295,21.574399987002835
001041.npy,0.006621538,21.79041106945465,0.8160779687108556,0.19313779473304749,21.57800001441501
001042.npy,0.006034646,22.193482012482853,0.8304768578634635,0.21516242623329163,21.534200001042336
001043.npy,0.006870342,21.630216432957052,0.8243022009344483,0.1813630610704422,21.424899983685464
001044.npy,0.0032335545,24.903198037160486,0.7720851870029238,0.25032898783683777,20.07149998098612
001045.npy,0.0007170551,31.444474537922137,0.8502867115316391,0.25131532549858093,20.153899997239932
001046.npy,0.00069993094,31.54944816812941,0.8461337620089054,0.26631999015808105,20.05960000678897
001047.npy,0.00069293875,31.593051364907655,0.8503771615922451,0.23786833882331848,19.89369999500923
001048.npy,0.0025136117,25.99701797801494,0.7943296618576757,0.1552538126707077,19.962599995778874
001049.npy,0.0009617387,30.16942902008668,0.7268110169293881,0.43723392486572266,19.907500012777746
001050.npy,0.00112313,29.49569947043799,0.7060730270025134,0.41767609119415283,19.896100013284013
001051.npy,0.0008076087,30.927989958370695,0.7624832072207928,0.42592155933380127,19.950899994000793
001052.npy,0.0013698929,28.63313396463375,0.8637588824618012,0.16454163193702698,19.906000001356006
001053.npy,0.00019021386,37.20757827145838,0.9606017687740326,0.10850099474191666,19.908999995095655
001054.npy,0.0004003429,33.97567872284916,0.932262471280098,0.21845096349716187,19.898700003977865
001055.npy,0.00015468965,38.105387407813474,0.9645997966918946,0.10652545094490051,19.98120002099313
001056.npy,0.00440308,23.562434143515745,0.6881101807265654,0.32235193252563477,19.89200001116842
001057.npy,0.006544072,21.841519322972836,0.6329889943887349,0.34922900795936584,20.019000017782673
001058.npy,0.005651695,22.478212717981858,0.6288511667573511,0.3877145051956177,19.91709999856539
001059.npy,0.005282661,22.771472775157974,0.6310894496418685,0.4284166097640991,20.155100006377324
001060.npy,0.000991453,30.037279039725583,0.8823438541775942,0.15622611343860626,19.92190000601113
001061.npy,0.0006186684,32.08542074579586,0.9097660948088169,0.09194619208574295,19.887100002961233
001062.npy,0.0006023174,32.20174618337205,0.9112813820515872,0.0984959602355957,19.910800008801743
001063.npy,0.00088608434,30.525249352529187,0.8800694356895238,0.11388720571994781,19.984899990959093
001064.npy,0.00035985615,34.43871072519566,0.9292780270543098,0.09643314778804779,19.907400012016296
001065.npy,0.00055911427,32.52499398569698,0.7420413827365506,0.4858682453632355,19.900600018445402
001066.npy,0.00051126326,32.91355384868545,0.7506287758097648,0.42280957102775574,20.06229999824427
001067.npy,0.00045142157,33.454176846478774,0.7672200642143487,0.41391298174858093,20.168699993519112
001068.npy,0.00066279084,31.78623481325349,0.8725466552512496,0.1910315901041031,20.126899995375425
001069.npy,0.0028711455,25.41944793277795,0.8190455617182701,0.2405983805656433,19.92140000220388
001070.npy,0.0036004232,24.436464402902622,0.8205277941430063,0.23131461441516876,19.84620001167059
001071.npy,0.0043062936,23.658963518159403,0.7983764994581826,0.2475043088197708,19.74980000522919
001072.npy,0.0027200407,25.654246095313447,0.8063694673469514,0.24719677865505219,19.81650001835078
001073.npy,0.004604369,23.368299145066075,0.7661334384708851,0.2596471607685089,19.89080000203103
001074.npy,0.0041915635,23.7762393699045,0.7869741325425134,0.2693210244178772,19.904299988411367
001075.npy,0.004618103,23.355363549329454,0.7656125478370804,0.2544649839401245,19.915399985620752
001076.npy,0.0041922377,23.77554101113663,0.6408773467259407,0.38306668400764465,19.965199986472726
001077.npy,0.0021033492,26.770886569339332,0.6536763933472634,0.3500557243824005,19.9068000074476
001078.npy,0.0021956717,26.584325819504137,0.6574056829346419,0.3607689440250397,19.86110000871122
001079.npy,0.0022130525,26.550083078048612,0.6621588034022451,0.3427233099937439,20.044100005179644
001080.npy,0.0032888073,24.829615417304037,0.7135895810095668,0.3108586370944977,19.774300017161295
001081.npy,0.00017597145,37.545577971036444,0.9105743192558289,0.23189595341682434,19.78969998890534
001082.npy,0.00016219351,37.89966543944283,0.9234022142219543,0.1846829056739807,19.837800005916506
001083.npy,0.00025848902,35.875579036274495,0.8857621401195526,0.2935261130332947,19.767900026636198
001084.npy,0.00036328618,34.3975108617438,0.9440655082931518,0.054799363017082214,19.767999998293817
001085.npy,0.00048086292,33.1797871756296,0.9163165988128931,0.10507810115814209,19.806500000413507
001086.npy,0.0003473489,34.59234094437597,0.9159203126633167,0.0798516646027565,19.791700004134327
001087.npy,0.00034994684,34.55997886436195,0.9227275700306893,0.08635890483856201,19.77800001623109
001088.npy,0.0024153583,26.170184291928578,0.8604589716229446,0.1177922859787941,19.75300000049174
001089.npy,0.0012259239,29.115365328151253,0.9004336306020021,0.11878268420696259,19.743600016226992
001090.npy,0.001159244,29.358251264974488,0.8813873289688545,0.11380750685930252,19.739799987291917
001091.npy,0.0013575379,28.67248031677311,0.8974523631955386,0.13205291330814362,19.723400007933378
001092.npy,0.0031491942,25.018005631927664,0.8167708498625458,0.1573866307735443,19.37179997912608
001093.npy,0.00024314722,36.14130698540997,0.9321260559555292,0.11961084604263306,19.31259999400936
001094.npy,0.00019754365,37.04336918634906,0.9433174377913475,0.1209656149148941,19.407300016609952
001095.npy,0.00016055815,37.94367629777564,0.9484941411681175,0.1245390772819519,19.334400014486164
001096.npy,0.002349423,26.290387635784516,0.7698683104595467,0.26941922307014465,19.424600002821535
001097.npy,0.0024444005,26.118276510256464,0.7968692972717136,0.2598649859428406,19.4696000253316
001098.npy,0.002364257,26.263053544437355,0.8133478965913207,0.21826431155204773,19.33350000763312
001099.npy,0.0020735057,26.83294758311522,0.8250125139618781,0.20703242719173431,19.32150000357069
001100.npy,0.004938527,23.064025576752847,0.6074584019612553,0.44282054901123047,19.413900008657947
001101.npy,0.0005016674,32.995841414476104,0.960065915423803,0.09472149610519409,19.298500003060326
001102.npy,0.0021749386,26.625530123713965,0.8834502545321975,0.1686529815196991,19.32449999731034
001103.npy,0.0022096457,26.55677350681971,0.8868153787748655,0.1859985888004303,20.010900014312938
001104.npy,0.0018869776,27.24233257556024,0.8205687607725728,0.4099807143211365,19.32290001423098
001105.npy,0.0016434452,27.84244774999859,0.7695128951922842,0.32867854833602905,19.33340000687167
001106.npy,0.0024218182,26.158584783230854,0.7401104802327007,0.3092344403266907,19.310400006361306
001107.npy,0.002605928,25.84037602571621,0.7021244070325405,0.39941251277923584,19.436000002315268
001108.npy,0.005779465,22.381123480309082,0.7030869658456761,0.3492184281349182,19.417500006966293
001109.npy,0.004362775,23.602371857507123,0.8428537070931792,0.1897837072610855,19.362799997907132
001110.npy,0.005077864,22.943189060500618,0.8258774869020655,0.19298823177814484,19.320499995956197
001111.npy,0.0044135614,23.55210831207689,0.8374116209454239,0.1955026090145111,19.595099991420284
001112.npy,0.0017351608,27.606602921607454,0.7984739100821544,0.3573433756828308,19.320499995956197
001113.npy,0.0006190373,32.08283158330256,0.8734313253560066,0.19055023789405823,19.319299986818805
001114.npy,0.0006348553,31.973252626452965,0.8677991380337476,0.16427524387836456,19.36030000797473
001115.npy,0.00066538225,31.76928786457217,0.868697022926718,0.1861223727464676,19.304099987493828
001116.npy,0.0012794954,28.929612586976408,0.8766858342269659,0.12334123253822327,20.031899999594316
001117.npy,0.0014364906,28.426971944618025,0.6995449836909753,0.3033124804496765,20.403900009114295
001118.npy,0.0011494502,29.395098574766948,0.7217203026515971,0.3461019992828369,20.72639999096282
001119.npy,0.0011515866,29.387033954189327,0.7239962734215856,0.3348478674888611,20.846700004767627
001120.npy,0.0023273304,26.331419714177443,0.8373612691872548,0.24781018495559692,20.913400017889217
001121.npy,0.0028047066,25.521125853514516,0.8005571588711441,0.20927676558494568,20.93349999631755
001122.npy,0.003318261,24.790894565852994,0.8037343857496185,0.20573987066745758,21.29519998561591
001123.npy,0.0026828484,25.714038544739942,0.8078481317842174,0.21391886472702026,21.26100001623854
001124.npy,0.00034994446,34.56000840921489,0.9110530462661982,0.16352824866771698,21.592500008409843
001125.npy,0.0013499872,28.696703403437958,0.8170938366125021,0.16174128651618958,21.60619999631308
001126.npy,0.0013943069,28.556416228951136,0.8376880200085379,0.16264401376247406,21.701999998185784
001127.npy,0.0013623994,28.656955413679785,0.8393327475033849,0.16097593307495117,21.03569998871535
001128.npy,0.00055942417,32.5225876291828,0.9240193498625755,0.15990117192268372,21.05370000936091
001129.npy,0.0006371726,31.957429319965676,0.8657839699513912,0.17617382109165192,21.051399991847575
001130.npy,0.00045655677,33.40505220816896,0.8986947496714592,0.16640663146972656,21.09059999929741
001131.npy,0.00058631436,32.31869473097758,0.8743240061103106,0.1740955114364624,21.07160000014119
001132.npy,0.009146197,20.387594181379953,0.7506116649102257,0.23208199441432953,21.079300000565127
001133.npy,0.008018569,20.959031353125283,0.7494233523215442,0.2726741433143616,21.091100003104657
001134.npy,0.0076264576,21.176771499529792,0.7493039853810785,0.2737848460674286,21.072300005471334
001135.npy,0.007931344,21.006532075255603,0.7410266988048155,0.2892855405807495,21.03860001079738
001136.npy,0.0017187656,27.647833283107953,0.8910740930651724,0.09970912337303162,21.046600013505667
001137.npy,0.0013715712,28.627816445612556,0.836660389116168,0.1625823974609375,20.672499987995252
001138.npy,0.0014556323,28.369483172502488,0.8289383989094645,0.18590520322322845,20.688299991888925
001139.npy,0.0016273507,27.88518844983709,0.8156057737007141,0.19997259974479675,20.69949998985976
001140.npy,0.0018371133,27.358640643677674,0.7858733133244831,0.28259292244911194,20.18850002787076
001141.npy,0.0015462236,28.107276693696576,0.642723990982471,0.4018237888813019,20.06550002261065
001142.npy,0.0015409775,28.12203677711302,0.6443938797252108,0.4650311768054962,20.02209998317994
001143.npy,0.0014049824,28.523291211179863,0.6547352735424601,0.4334718585014343,20.106500014662743
001144.npy,0.0033021844,24.811987128151692,0.7563279344467344,0.193769633769989,20.103399991057813
001145.npy,0.002202535,26.57077209955776,0.8574851338558812,0.13926824927330017,20.033100008731708
001146.npy,0.0022545184,26.46946192961518,0.8307968831979381,0.1489029824733734,20.054699998581782
001147.npy,0.0019316999,27.140603140803236,0.8536392472196221,0.1269429475069046,20.030399988172576
001148.npy,0.0025565468,25.923462428806218,0.6819953491461035,0.2905232012271881,20.045099983690307
001149.npy,0.0046587074,23.317345514485872,0.7506968915567994,0.2527967095375061,20.1791999861598
001150.npy,0.0047231736,23.257660802881126,0.7505762923339904,0.2737804353237152,19.713799993041903
001151.npy,0.0050377613,22.977624164701936,0.7409449468404744,0.24812719225883484,19.70079998136498
001152.npy,0.0065561133,21.833535547846882,0.7097937485033511,0.30468904972076416,19.774499989580363
001153.npy,0.0025328905,25.963835748853704,0.6934238759796861,0.35601961612701416,19.72739998018369
001154.npy,0.002583428,25.878036313498527,0.6391343191154572,0.34675663709640503,19.73649999126792
001155.npy,0.0023416406,26.304797856275933,0.6775277997248792,0.31059473752975464,19.634900003438815
001156.npy,0.0015361861,28.135561609724284,0.8521538649655431,0.16540375351905823,19.715100002940744
001157.npy,0.0015062082,28.221149817375352,0.5305402595162392,0.6076133251190186,19.666200008941814
001158.npy,0.0015726004,28.033816051673554,0.5287420307759345,0.6041796803474426,19.629099988378584
001159.npy,0.0014926468,28.260429853404734,0.5326352898907661,0.6162603497505188,19.7766000055708
001160.npy,0.00034735675,34.59224248277006,0.8616422015967369,0.32742148637771606,19.9436999973841
001161.npy,0.0006292525,32.01175026202807,0.8053861118110418,0.38302069902420044,19.80310000362806
001162.npy,0.00064507715,31.90388336444922,0.7741816831786632,0.4427799582481384,19.70699999947101
001163.npy,0.0006275566,32.02347146941286,0.7883009011011124,0.398626446723938,19.726600003195927
001164.npy,0.001346728,28.707201379330655,0.6714638076099627,0.35838019847869873,19.719000003533438
001165.npy,0.0009371509,30.281904526834346,0.8446719271205068,0.23443952202796936,19.674499984830618
001166.npy,0.000738498,31.31650677879393,0.8673559451348781,0.2542675733566284,19.81779999914579
001167.npy,0.0009399379,30.269008525103267,0.8369586560453772,0.2580540180206299,19.644899992272258
001168.npy,0.00071683544,31.445805397719337,0.8418754006043673,0.20672467350959778,19.628000009106472
001169.npy,0.0017256134,27.630565090731693,0.5790928838588894,0.48347100615501404,19.62360000470653
001170.npy,0.0017336628,27.610353829539683,0.5836856563379467,0.47267812490463257,19.91439997800626
001171.npy,0.0018497182,27.3289444479826,0.5815085957004875,0.4803504943847656,19.853800011333078
001172.npy,0.0005357141,32.71066934355116,0.8657884573441744,0.1663048416376114,19.866399990860373
001173.npy,0.00095489173,30.20045886501126,0.8625036452604532,0.19661372900009155,19.870700023602694
001174.npy,0.0009177902,30.372565839531465,0.8699019458014965,0.17324818670749664,19.89930000854656
001175.npy,0.00076992076,31.13553984404961,0.8874676490392684,0.17447978258132935,19.882499997038394
001176.npy,0.0066628796,21.76338041503522,0.7298057491179853,0.2567797601222992,19.936999975470826
001177.npy,0.0030238407,25.194410727844165,0.8175146444205921,0.23666805028915405,19.912299991119653
001178.npy,0.002111808,26.753455818350055,0.8097259959303849,0.18955717980861664,19.913199997972697
001179.npy,0.001803062,27.43989330131481,0.8230156773140878,0.22241467237472534,19.919599988497794
001180.npy,0.0037965635,24.206093282274942,0.7989651537638726,0.24721413850784302,19.879100000252947
001181.npy,0.0029947169,25.236442371222378,0.6513976612809826,0.3443141281604767,19.89660001709126
001182.npy,0.0029379998,25.319482635113836,0.6503315641289502,0.3728497624397278,19.884999986970797
001183.npy,0.00298077,25.25671529939042,0.6508161188616268,0.34086066484451294,19.92190000601113
001184.npy,0.0033608703,24.735482437582895,0.6705084130944312,0.32636064291000366,19.854500016663224
001185.npy,0.0018635888,27.29649900928939,0.8163501186375915,0.20308400690555573,19.893200020305812
001186.npy,0.0016183036,27.909399944503367,0.8301738312363625,0.19250011444091797,19.879699975717813
001187.npy,0.0023710132,26.250660421395185,0.7887606218545251,0.19962552189826965,19.81649998924695
001188.npy,0.0059752334,22.236451139194248,0.5430628244074541,0.4507940113544464,19.894199998816475
001189.npy,0.005471143,22.61921933686883,0.723604887185379,0.3350712060928345,19.88900001742877
001190.npy,0.0052914806,22.76422812206593,0.7345896942386907,0.3211495280265808,19.948699977248907
001191.npy,0.0054755006,22.61576149591985,0.7308123592605192,0.30840620398521423,19.888399983756244
001192.npy,0.00071880815,31.433870148099725,0.8644906839711666,0.31678128242492676,19.940099999075755
001193.npy,0.00023174114,36.34996845272204,0.9624803223328591,0.07029806822538376,19.831000012345612
001194.npy,0.00033439402,34.75741508380533,0.9501174711796045,0.09666415303945541,19.77670000633225
001195.npy,0.00027514086,35.60444929480668,0.948673915459156,0.09356825798749924,19.819999986793846
001196.npy,0.00033542275,34.74407472061494,0.9213597487053871,0.16014409065246582,19.88900001742877
001197.npy,0.00055483065,32.55839562085266,0.6909308537960388,0.4955021142959595,19.83869998366572
001198.npy,0.0011846266,29.264185236295248,0.5031518660845756,0.6485894918441772,19.746099977055565
001199.npy,0.00035868445,34.45287461781141,0.7819819648308753,0.4083060026168823,19.73040000302717
001200.npy,0.0016961428,27.70537570398124,0.7915116092419326,0.3170624375343323,19.762700016144663
001201.npy,0.0010684908,29.712292065739717,0.7173681979618073,0.31559643149375916,19.799699977738783
001202.npy,0.0013576681,28.672063869175958,0.6738377069538133,0.32135242223739624,19.74400001927279
001203.npy,0.0010453492,29.80738624471503,0.7091160838225894,0.3719567358493805,19.761300005484372
001204.npy,0.0032269321,24.91210161394088,0.7852179691386363,0.20116642117500305,19.765000004554167
001205.npy,0.0007259568,31.39089184716915,0.618604144220829,0.5322250127792358,19.880900013959035
001206.npy,0.00028362666,35.47252975365759,0.9176157848327011,0.3684137463569641,19.76729999296367
001207.npy,0.0007341959,31.341880168560202,0.6110655327014923,0.5424448251724243,20.220500009600073
001208.npy,0.0086190235,20.645419328099152,0.25689780085567243,0.8229125738143921,20.09949999046512
001209.npy,0.004639225,23.335545422780232,0.6885050934669198,0.33859777450561523,20.015899994177744
001210.npy,0.0049804486,23.027315564184025,0.679369986443446,0.349764883518219,20.098199980566278
001211.npy,0.004478004,23.489155399345,0.6922385161840171,0.35178473591804504,20.17209999030456
001212.npy,0.0022435114,26.49071707263382,0.8747540952962637,0.17700223624706268,20.146199996815994
001213.npy,0.008787153,20.561517973319084,0.7502555484649148,0.24114111065864563,20.164199988357723
001214.npy,0.008092575,20.91913271981082,0.7563232846973982,0.23402923345565796,20.25329999742098
001215.npy,0.0073215077,21.353994826629826,0.7717032546778545,0.22898948192596436,20.177700003841892
001216.npy,0.0026418413,25.780933005987002,0.7004189061675667,0.3553440570831299,20.332799991592765
001217.npy,0.001594304,27.974288759518377,0.796903017094478,0.29984644055366516,20.388800010550767
001218.npy,0.0017674549,27.526516554455057,0.786958972568363,0.2866300940513611,20.691500016255304
001219.npy,0.0015971423,27.966563975250427,0.7974751574162244,0.3052031993865967,20.651599974371493
001220.npy,0.0006172594,32.09532299086089,0.7065544412505627,0.5280051231384277,21.009399992180988
001221.npy,0.0014573911,28.364239361579294,0.833542155790031,0.20758530497550964,21.031899988884106
001222.npy,0.0012977202,28.86818920514754,0.8461466829308272,0.2350700944662094,21.36899999459274
001223.npy,0.001607148,27.93944095219784,0.8303271464641131,0.20393720269203186,21.355400007450953
001224.npy,0.014499448,18.38648542383616,0.5184327835697904,0.5521013736724854,21.47750000585802
001225.npy,0.00039846293,33.9961208729599,0.8846762649345398,0.2964805066585541,20.524999999906868
001226.npy,0.00037469226,34.26325300095734,0.8871575237407684,0.3011050224304199,20.559800002956763
001227.npy,0.00040794926,33.89393852682825,0.8952999987158775,0.29612839221954346,20.523799990769476
001228.npy,0.00025800415,35.88373320288093,0.8704309138352871,0.3313913941383362,20.378599991090596
001229.npy,0.0013094172,28.829219833126423,0.9463305587749481,0.04598405584692955,20.368299999972805
001230.npy,0.0012229725,29.125832881557553,0.9537151156368255,0.048178382217884064,20.365100004710257
001231.npy,0.0013071289,28.83681561850278,0.9480843146622181,0.04892076551914215,20.436199993127957
001232.npy,0.0024986377,26.022967384391123,0.8954335471300781,0.09038174897432327,20.39259998127818
001233.npy,0.00053753215,32.695955766273165,0.8985359381167889,0.09969726949930191,20.391800004290417
001234.npy,0.00070585957,31.51281711888702,0.8479424876459483,0.2426316738128662,20.448600000236183
001235.npy,0.0003738316,34.2732399592712,0.9219028967943191,0.09528031945228577,20.082100003492087
001236.npy,0.0035931505,24.44524591004386,0.752816287766099,0.2167976051568985,20.1027000148315
001237.npy,0.00048165355,33.172652513579514,0.9043916127166748,0.10223876684904099,20.07879997836426
001238.npy,0.0007180616,31.43838308675045,0.8879324315109253,0.11398802697658539,19.940099999075755
001239.npy,0.00055242993,32.5772281332592,0.8940102526540383,0.1217147633433342,19.970199995441362
001240.npy,0.0020790123,26.82142935403661,0.7264276861721352,0.2921147346496582,19.9661000224296
001241.npy,0.0032861903,24.833072932561393,0.6884080133716362,0.3316147029399872,19.917600002372637
001242.npy,0.0031630024,24.999004717902107,0.7519799356271187,0.2373029738664627,19.92039999458939
001243.npy,0.0034913039,24.57012354461218,0.6664127436299575,0.34323030710220337,19.92300001438707
001244.npy,0.0030882596,25.102861864389716,0.8427094087737063,0.17215290665626526,19.9661000224296
001245.npy,0.0011585755,29.360756522402916,0.8323154014542383,0.16396033763885498,19.919799990020692
001246.npy,0.0010263908,29.88687257984391,0.8221697013160959,0.16919982433319092,20.015399990370497
001247.npy,0.001025847,29.88917375701918,0.8337130633884072,0.15820443630218506,19.9216999753844
001248.npy,0.0017219804,27.6397182576253,0.8515706745302976,0.20998382568359375,19.999399984953925
001249.npy,0.0012911311,28.89029630183544,0.6559976149916538,0.37840986251831055,19.89029999822378
001250.npy,0.0012636262,28.983813968054942,0.6598407923441753,0.392578125,19.904699991457164
001251.npy,0.0014241068,28.46457435311283,0.6396333808080815,0.36077767610549927,19.898500002454966
001252.npy,0.002189505,26.59654100955278,0.7133829273724761,0.32490256428718567,20.034899993333966
001253.npy,0.0012837936,28.915048282026504,0.7598569038534816,0.28725767135620117,20.02850000280887
001254.npy,0.0016559821,27.809443452667487,0.7832864207139877,0.23751777410507202,20.018999988678843
001255.npy,0.0012044524,29.19210361962992,0.7681250020480491,0.43038856983184814,20.054199994774535
001256.npy,0.0015805042,28.012043222159527,0.6626198757301756,0.391622394323349,19.952000002376735
001257.npy,0.00031993707,34.94935451525436,0.9119549145393521,0.3598862588405609,19.874799996614456
001258.npy,0.0006612349,31.796442576384393,0.9057926760902563,0.29774078726768494,19.910599978175014
001259.npy,0.0002728664,35.640499231201545,0.9516304244653099,0.17730329930782318,19.97650001430884
001260.npy,0.006934842,21.58963416076102,0.7816475384516716,0.12175682187080383,19.92759999120608
001261.npy,0.000348718,34.575256626871706,0.9309638154138327,0.0959939956665039,20.233299990650266
001262.npy,0.00028114376,35.51071548447223,0.9415404514374733,0.11693835258483887,20.27280000038445
001263.npy,0.0003005226,35.22122863991641,0.9359394156637192,0.10286648571491241,20.286999992094934
001264.npy,0.0027906622,25.542927105605035,0.8058630362721848,0.22140952944755554,19.85640000202693
001265.npy,0.00038664843,34.1268373374149,0.8227460515649319,0.2541048526763916,19.862799992552027
001266.npy,0.00038527025,34.142345193558874,0.8296568332417459,0.2581963539123535,19.907600013539195
001267.npy,0.0004586102,33.38556298589093,0.8654834031839966,0.22635260224342346,19.93939999374561
001268.npy,0.0003434985,34.640751417708465,0.8114580102348328,0.32603058218955994,19.86999998916872
001269.npy,0.00018078789,37.428306761645636,0.9593384980239869,0.10052534192800522,19.735599984414876
001270.npy,0.0001973995,37.04653937323394,0.9636952287259102,0.09419635683298111,19.77800001623109
001271.npy,0.00021918716,36.591848764786405,0.9563716250653267,0.11500679701566696,19.749400002183393
001272.npy,0.0017699742,27.520330812627222,0.8373207610667944,0.13307765126228333,19.72490001935512
001273.npy,0.0011174561,29.517695134237997,0.8506450063540936,0.18012487888336182,19.764000026043504
001274.npy,0.0012776996,28.93571237524658,0.8381816190157607,0.14087805151939392,19.738300004974008
001275.npy,0.0011468774,29.404829990213305,0.8501951676990986,0.16349104046821594,19.75279999896884
001276.npy,0.0036631206,24.361487966012078,0.7987699952339865,0.20778676867485046,19.73639999050647
001277.npy,0.0025862856,25.873235296974517,0.7231111976779122,0.2959348261356354,19.889499992132187
001278.npy,0.0023907856,26.214593893453646,0.7352625194385964,0.3125559389591217,19.85789998434484
001279.npy,0.002470953,26.07135527334084,0.7293919000330568,0.32103660702705383,20.02260001609102
001280.npy,0.009128085,20.39620293230537,0.7345957790285498,0.2600027918815613,19.976000010501593
001281.npy,0.0054436224,22.641120351073702,0.4591341612130813,0.6422975659370422,19.90069999010302
001282.npy,0.006226734,22.057396813799247,0.4645748447020766,0.6231306791305542,19.85510002123192
001283.npy,0.00528192,22.772081912145474,0.4551201085391813,0.6516479849815369,19.888399983756244
001284.npy,0.0012673704,28.970964547474345,0.848284264719339,0.1582798957824707,19.890900002792478
001285.npy,0.0113992505,19.43123720528677,0.26473302408883326,0.8518010377883911,19.87739998730831
001286.npy,0.010845317,19.647577531063046,0.23836641840808676,0.8777420520782471,19.89219998358749
001287.npy,0.010657646,19.72338724129916,0.24888474485633272,0.8440743684768677,19.90089999162592
001288.npy,0.00038281968,34.170057635536295,0.912200838416636,0.13699404895305634,19.9748000013642
001289.npy,0.0041833986,23.784707781102238,0.762342772110939,0.2573322653770447,19.869099982315674
001290.npy,0.0043593203,23.60581222445738,0.7646489378535748,0.26018062233924866,20.18670001416467
001291.npy,0.0045746523,23.396418902262287,0.7613676031384468,0.24172183871269226,20.192399999359623
001292.npy,0.00226034,26.45826282339675,0.7868875100011667,0.2225271314382553,20.267299987608567
001293.npy,0.00094599946,30.2410910132177,0.7726019600010067,0.3699367046356201,20.21789998980239
001294.npy,0.00073144294,31.35819547938532,0.777430452812789,0.39908072352409363,20.180499996058643
001295.npy,0.0008305038,30.806583529051732,0.7771970020982363,0.37802091240882874,20.300600008340552
001296.npy,0.0009959319,30.01770348153537,0.8226868772657364,0.17133870720863342,20.53800001158379
001297.npy,0.0008154244,30.8861627825598,0.8168264947445932,0.23619762063026428,20.519600016996264
001298.npy,0.0006510246,31.86402603617556,0.8430454372291714,0.20106832683086395,20.703099988168105
001299.npy,0.0010866448,29.639123750449773,0.7851902980176546,0.2443060725927353,20.572699984768406
001300.npy,0.00039531564,34.03055989829322,0.8882394937759787,0.26359185576438904,20.677599997725338
001301.npy,0.0003351936,34.747043226459,0.7982041441168785,0.37039607763290405,21.0326999949757
001302.npy,0.00041383074,33.831772458388166,0.7780195885570049,0.42195889353752136,20.668799988925457
001303.npy,0.00056450174,32.483346771440374,0.7237642788008452,0.516938328742981,20.904700009850785
001304.npy,0.002900849,25.3747484368198,0.5885279649172102,0.5230631828308105,20.858700008830056
001305.npy,0.0057695527,22.38857827807859,0.4305807097631181,0.6525579690933228,20.79449998564087
001306.npy,0.006083538,22.158437855792332,0.4434538429055919,0.6228305697441101,21.04630001122132
001307.npy,0.005478092,22.613706992681678,0.4169049781736999,0.6667949557304382,21.008400013670325
001308.npy,0.003083851,25.10906607828857,0.8796992090432644,0.14322638511657715,21.10090001951903
001309.npy,0.0027105398,25.669441934049658,0.8602670101315976,0.1630646288394928,21.057700010715052
001310.npy,0.0024735848,26.066731839922546,0.8685176503436566,0.16772806644439697,21.42229999299161
001311.npy,0.002646837,25.772728173949947,0.8609247953732013,0.15135818719863892,21.402099984697998
001312.npy,0.019642372,17.06806066458016,0.5030930457630162,0.5010011196136475,21.368899993831292
001313.npy,0.011050257,19.566276260642475,0.6385252716431031,0.3572499752044678,21.44330000737682
001314.npy,0.011266001,19.482302218579793,0.6367914091492285,0.3426345884799957,21.381400001700968
001315.npy,0.0112756975,19.47856558657342,0.6370099286940782,0.37765592336654663,21.39020001050085
001316.npy,0.0015633077,28.059555423087062,0.8094575456803161,0.2895071506500244,21.319700026651844
001317.npy,0.0009258027,30.33481581838183,0.8731662966083642,0.06195533648133278,21.34849998401478
001318.npy,0.0009930509,30.030285123286554,0.8574856772089601,0.0659208595752716,21.230600017588586
001319.npy,0.0011462232,29.407308135170773,0.8846028245473029,0.0658244788646698,21.291800017934293
001320.npy,0.00037591442,34.2491101396297,0.7754791564636231,0.37829920649528503,20.179100014502183
001321.npy,0.0002774549,35.56807605895416,0.8917524121365548,0.21412697434425354,20.03129999502562
001322.npy,0.00031650727,34.99616302927407,0.8880578110771179,0.2073068916797638,20.041100011439994
001323.npy,0.00012675193,38.97045445705716,0.9031534148182869,0.1555711030960083,20.06099998834543
001324.npy,0.00051942363,32.84478353088361,0.7342957257953883,0.5638372898101807,20.165399997495115
001325.npy,0.003212816,24.931141308929725,0.8217915027304276,0.18931882083415985,20.233299990650266
001326.npy,0.0039359042,24.049554594936005,0.7943311622636956,0.21443508565425873,20.18089999910444
001327.npy,0.003658196,24.36733030918116,0.7943739028639974,0.2247748076915741,20.20460000494495
001328.npy,0.00063259626,31.98873397444015,0.8685743927134871,0.22040238976478577,20.186000008834526
001329.npy,0.00027748581,35.567592537280376,0.880655751972437,0.23547273874282837,20.211299997754395
001330.npy,0.0003497541,34.56237208779146,0.8669139968240261,0.21356651186943054,20.143100002314895
001331.npy,0.0003836492,34.16065717866686,0.8580083720662594,0.1969079077243805,20.181600004434586
001332.npy,0.0053482447,22.71788717253251,0.7301294954834356,0.270416259765625,20.216999982949346
001333.npy,0.007282125,21.37741872569389,0.37691956665276943,0.7102504372596741,20.215299999108538
001334.npy,0.0074854,21.25785007796984,0.38568023329111467,0.6435989141464233,20.229199988534674
001335.npy,0.007066033,21.508243418588574,0.34949274695777893,0.7448996901512146,20.18240001052618
001336.npy,0.0015151944,28.195316364667633,0.6727627761671692,0.36350011825561523,20.06660000188276
001337.npy,0.0019547741,27.0890341951716,0.7183352038792372,0.3497408330440521,20.03859999240376
001338.npy,0.0018131532,27.41565510207307,0.7194644370215834,0.3527960181236267,19.93929999298416
001339.npy,0.002320684,26.343839424294412,0.6883493293625191,0.3452669382095337,19.922400009818375
001340.npy,0.0010029845,29.987057905112472,0.8047587355042696,0.3031200170516968,19.90509999450296
001341.npy,0.00034447032,34.62848172258651,0.8823874333236218,0.2822169363498688,19.771299994317815
001342.npy,0.00022298604,36.51722307546908,0.9172778819818497,0.19954439997673035,19.745900004636496
001343.npy,0.00019847887,37.02285732395944,0.9303448595237732,0.17317968606948853,19.80030001141131
001344.npy,0.003160374,25.002615271812903,0.6651165110044517,0.2597799301147461,19.790200021816418
001345.npy,0.005136571,22.893266918043764,0.4701591544267796,0.4073731005191803,19.76009999634698
001346.npy,0.0046963384,23.282406118179388,0.45793279807567505,0.46262499690055847,19.920599996112287
001347.npy,0.004113234,23.85816591986057,0.4842996577564031,0.488581120967865,19.801099988399073
001348.npy,0.00064044935,31.93515237373484,0.9107509331574458,0.13869379460811615,19.806800002697855
001349.npy,0.00024678622,36.07679106472358,0.909415899274826,0.2975488603115082,19.76909997756593
001350.npy,0.00068779686,31.62539814046198,0.6562451592683792,0.4945223331451416,19.761000003200024
001351.npy,0.00037973782,34.20516154597793,0.8193197197341919,0.38409215211868286,19.85199999762699
001352.npy,0.0046690083,23.307753422679074,0.6455951404287145,0.2764732241630554,19.75269999820739
001353.npy,0.00078985235,31.024540896394225,0.71450704205513,0.450580894947052,19.850000011501834
001354.npy,0.00096410647,30.15874999589667,0.6992942036527992,0.46844416856765747,19.748800026718527
001355.npy,0.0009345115,30.294153429867627,0.7007237659494578,0.40853172540664673,19.765200006077066
001356.npy,0.004752388,23.230880753515866,0.6710151691486239,0.39500024914741516,19.767200021306053
001357.npy,0.0030039032,25.22314043014804,0.5740817642390765,0.4005812108516693,19.756699999561533
001358.npy,0.0029864388,25.248463854732044,0.5721596810250084,0.3924354314804077,19.778300018515438
001359.npy,0.003040787,25.17013982473566,0.5486639756633755,0.3693931996822357,19.734700006665662
001360.npy,0.0060746884,22.164759910552178,0.6752219407850271,0.41042572259902954,19.75999999558553
001361.npy,0.004641933,23.33301138047968,0.280403293987833,0.8314727544784546,20.129699987592176
001362.npy,0.004131215,23.839221960865984,0.27899653345702774,0.8756558299064636,20.251800015103072
001363.npy,0.0040132515,23.965035930358635,0.2748241946923137,0.8583201766014099,20.02090000314638
001364.npy,0.004832287,23.158472869810296,0.7851834699270474,0.27020391821861267,20.034899993333966
001365.npy,0.002621487,25.814523159205933,0.7784537152462118,0.41961196064949036,20.02509997691959
001366.npy,0.005059027,22.959329971436617,0.7684267615169809,0.29263660311698914,20.05049999570474
001367.npy,0.003571787,24.47114460900158,0.8303534348442331,0.22035636007785797,20.00930000212975
001368.npy,0.00033060086,34.80696021049488,0.8629761730417013,0.3130933344364166,19.92920000338927
001369.npy,0.0047929934,23.19393152115928,0.6869768776237574,0.364592969417572,19.894600001862273
001370.npy,0.0059763296,22.235654411295528,0.643897875137327,0.3650255501270294,19.94550001109019
001371.npy,0.0044115796,23.554058861559653,0.6809822693605195,0.36767005920410156,19.98819998698309
001372.npy,0.0017264041,27.62857575987858,0.7809170433098767,0.1917702555656433,19.87869999720715
001373.npy,0.0014267322,28.456575441397817,0.8418889360609204,0.138167142868042,19.88909998908639
001374.npy,0.0017630456,27.537364861101423,0.8405907857522666,0.13372573256492615,19.931399991037324
001375.npy,0.0016380512,27.85672524416157,0.8472301004410461,0.12638340890407562,19.93640000000596
001376.npy,0.0014722871,28.32007495400343,0.8929624824949801,0.09959015250205994,19.879800005583093
001377.npy,0.0022883916,26.40469661989545,0.6973333134146258,0.2964053153991699,19.85630000126548
001378.npy,0.002280259,26.420158354713553,0.6701755219676457,0.34090656042099,19.906200002878904
001379.npy,0.002131431,26.71328772729059,0.711501308341886,0.2853441536426544,19.891000003553927
001380.npy,0.0023457103,26.297256383645834,0.8619004680252387,0.22505952417850494,19.89180000964552
001381.npy,0.0036648032,24.359493584542683,0.7568749553547627,0.24921396374702454,19.945800013374537
001382.npy,0.0036585126,24.366954323622277,0.7636047486826382,0.2645108103752136,19.99600001727231
001383.npy,0.0039495695,24.034502082013883,0.7576628047405723,0.2739778757095337,19.778199988650158
001384.npy,0.015983975,17.96315182956613,0.6117880749366067,0.2771756052970886,19.84470000024885
001385.npy,0.012436414,19.053048629689744,0.7970262330866202,0.12672021985054016,19.75839998340234
001386.npy,0.011357396,19.44721233468636,0.8098709101889211,0.12212754786014557,19.7455000015907
001387.npy,0.011652506,19.335806391275643,0.8051520729318227,0.11596545577049255,19.787299999734387
001388.npy,0.006506848,21.866293160760573,0.6609414728527777,0.3314996063709259,19.726700003957376
001389.npy,0.000714935,31.457334387851482,0.7009371019556523,0.5374550819396973,19.755999994231388
001390.npy,0.00053383695,32.725913645726514,0.7328214939155578,0.5257956981658936,19.73770000040531
001391.npy,0.0006120885,32.131857877580295,0.7116432881581783,0.523485004901886,19.744299992453307
001392.npy,0.0009597891,30.17824180154225,0.7774608713500499,0.30405473709106445,19.771000021137297
001393.npy,0.0011849252,29.263090793028272,0.7076004053204059,0.4058864414691925,20.104399998672307
001394.npy,0.001005454,29.97637806092513,0.7229175500891208,0.48298975825309753,20.38239999092184
001395.npy,0.0012421844,29.05813900735644,0.7059674353674129,0.3746830224990845,20.476300007430837
001396.npy,0.002210102,26.55587661699608,0.7349876949561277,0.24451354146003723,20.3664000146091
001397.npy,0.0033510416,24.748201893989282,0.48423672220930086,0.4735914170742035,20.412500016391277
001398.npy,0.0033328538,24.77183712534549,0.4957654809343903,0.4568054974079132,20.360999973490834
001399.npy,0.0034323547,24.644078431006314,0.49509449498591573,0.4449199140071869,20.366700016893446
001400.npy,0.0009025862,30.445113261722195,0.8505391874117851,0.24094799160957336,20.409499993547797
001401.npy,0.0003982293,33.99866791454497,0.906112548443079,0.18037639558315277,20.372900005895644
001402.npy,0.00036888843,34.33104977687117,0.8987868724064827,0.2016756683588028,20.44150000438094
001403.npy,0.0004899536,33.09845014585203,0.8585468333185912,0.24822823703289032,20.322500000474975
001404.npy,0.004183717,23.784377042484817,0.5321236971736171,0.36797183752059937,20.433399971807376
001405.npy,0.00025451338,35.94289394039056,0.8829054208245277,0.3412192463874817,20.52479999838397
001406.npy,0.00027406708,35.6214314408102,0.9237176456170082,0.3117999732494354,20.57809999678284
001407.npy,0.00021896638,36.59622571819574,0.8850257296357155,0.3395448625087738,20.56740000261925
001408.npy,0.00047929052,33.19401161298879,0.9366196786080897,0.13018305599689484,20.56490001268685
001409.npy,0.0002941349,35.314534373758654,0.909750488679409,0.1710299849510193,20.54850000422448
001410.npy,0.00029070032,35.365544831323376,0.9286776074522137,0.09037570655345917,19.87889999873005
001411.npy,0.00030462205,35.16238686818539,0.9286113409411162,0.10084614157676697,19.934199983254075
001412.npy,0.006423637,21.922190091779438,0.7249769195665149,0.252848744392395,19.915200013201684
001413.npy,0.0069173328,21.600613059558267,0.7468985195626856,0.23363138735294342,20.025599980726838
001414.npy,0.006441863,21.909885436829487,0.7540040684775645,0.2555429935455322,19.930300011765212
001415.npy,0.0067535206,21.70469750154579,0.747660752594731,0.2368927001953125,20.023100019898266
001416.npy,0.0007083453,31.497549845343112,0.7948489833085686,0.3789025843143463,20.055700006196275
001417.npy,0.0021931378,26.58934103752246,0.7496262377951853,0.22963595390319824,20.036099973367527
001418.npy,0.0021810182,26.61340687455063,0.7485146107826196,0.24952739477157593,20.019099989440292
001419.npy,0.0019885765,27.01457715993073,0.7745733422535658,0.28216487169265747,20.13210000586696
001420.npy,0.0024621282,26.086893302662272,0.7233042485589943,0.28073063492774963,20.130900025833398
001421.npy,0.0011169219,29.519772286732096,0.8238639846488843,0.2576350271701813,20.13220000662841
001422.npy,0.00087208056,30.594433714922058,0.8458180994805247,0.24018001556396484,20.055800006957725
001423.npy,0.00086249725,30.642422553058346,0.8431464834584016,0.25453802943229675,20.048100006533787
001424.npy,0.0056244647,22.499188036162888,0.6127738200081587,0.32145145535469055,20.086600008653477
001425.npy,0.0021725753,26.63025170511262,0.6992289821220115,0.3882991075515747,20.039099996211007
001426.npy,0.0022697868,26.440149396863305,0.7092347682983149,0.3725190758705139,20.318199996836483
001427.npy,0.0018715202,27.27805476475876,0.7141140028369669,0.39036959409713745,20.052399981068447
001428.npy,0.0011960359,29.222558319981427,0.910650097303451,0.0865963026881218,19.893099990440533
001429.npy,0.0023036918,26.37575643381969,0.8795756858641133,0.17246276140213013,19.914799981052056
001430.npy,0.0019500346,27.09957702530163,0.8936734171784795,0.1608867347240448,19.776100001763552
001431.npy,0.0022532253,26.471953648910088,0.8798301935537644,0.1916499137878418,19.81050000176765
001432.npy,0.000298215,35.2547055873498,0.9331297182178497,0.1292852759361267,19.744199991691858
001433.npy,0.0003565932,34.478269619628264,0.9446797086825669,0.09291347861289978,19.81800000066869
001434.npy,0.00027529296,35.60204919696827,0.9497074502946437,0.0780939981341362,19.800600013695657
001435.npy,0.00025491318,35.936077106930675,0.9495069858354852,0.07709856331348419,20.75289998902008
001436.npy,0.0009669358,30.146023525898865,0.7580794581200332,0.2420530915260315,19.775799999479204
001437.npy,0.00087629276,30.573507766065156,0.7866225563185811,0.2213347852230072,19.823500013444573
001438.npy,0.0009039779,30.43842190305498,0.7836253412540332,0.21031823754310608,19.81960001285188
001439.npy,0.0008613516,30.64819510180266,0.7878297204932868,0.24487937986850739,19.722299999557436
001440.npy,0.0013977396,28.545737057089013,0.8432102237714529,0.21645906567573547,19.815299980109558
001441.npy,0.001490552,28.26652908644477,0.8021991339788698,0.2420223355293274,19.72620000015013
001442.npy,0.0015998492,27.95920935517602,0.7885148304099339,0.21924635767936707,19.79429999482818
001443.npy,0.001914954,27.178416548797802,0.7702517926478218,0.22223684191703796,19.790399994235486
001444.npy,0.0029997183,25.22919566739924,0.8375570644611101,0.1910468339920044,19.762099982472137
001445.npy,0.0006920586,31.598571244263503,0.9487839864917994,0.08144554495811462,19.723599980352446
001446.npy,0.0007122073,31.47393593492112,0.9465646714072228,0.08268330991268158,19.741900003282353
001447.npy,0.0007504971,31.246509766822665,0.9457099587039948,0.08898051083087921,19.738999981200323
001448.npy,0.0031162784,25.063637449564304,0.5484259681211859,0.49481773376464844,19.810900004813448
001449.npy,0.00029576756,35.29049412151056,0.8641158962674141,0.3095574975013733,19.788700010394678
001450.npy,0.0004570523,33.40034110018006,0.8399371402437538,0.3388844430446625,20.10689998860471
001451.npy,0.0003615642,34.418145954516305,0.8573866687793732,0.29691728949546814,20.216899982187897
001452.npy,0.0058406517,22.335387083618894,0.579096605772322,0.3913179934024811,20.587900013197213
001453.npy,0.0007695665,31.137537922304453,0.8350328845612108,0.19368574023246765,20.51579998806119
001454.npy,0.0005470253,32.61992600091257,0.8729098091115206,0.22088615596294403,20.55869999458082
001455.npy,0.0004595484,33.37668728041508,0.8780631895934343,0.18174761533737183,20.81039999029599
001456.npy,0.0026025102,25.846075877639816,0.8050864778537872,0.20225049555301666,20.725299982586876
001457.npy,0.0037570703,24.251506932093328,0.7882685754111521,0.20466026663780212,21.125100000062957
001458.npy,0.0034276384,24.650049713024544,0.8057155631361268,0.20437730848789215,21.1264000099618
001459.npy,0.004117121,23.854063959163764,0.7709084494423177,0.19868294894695282,21.046500012744218
001460.npy,0.00342216,24.65699685389263,0.6748464734668433,0.2986527383327484,20.491700008278713
001461.npy,0.0026893658,25.703501187616805,0.8440432762031704,0.17905792593955994,20.432499994058162
001462.npy,0.0033316682,24.77338237266146,0.7773640997125288,0.22902564704418182,20.469400013098493
001463.npy,0.0028838923,25.400209738916224,0.8068893185469806,0.19765597581863403,19.753900007344782
001464.npy,0.0037833047,24.22128646755111,0.7395205241367966,0.24425438046455383,19.765500008361414
001465.npy,0.00031731697,34.985067239691,0.9352839088160991,0.11126331984996796,19.76890000514686
001466.npy,0.00027973825,35.53248150496135,0.9317482479701489,0.11097171157598495,19.74849999533035
001467.npy,0.00035420893,34.50740519485074,0.9298485881347061,0.10559888184070587,19.799300003796816
001468.npy,0.00054773944,32.61425981881142,0.8953369402601719,0.3140299320220947,19.750900013605133
001469.npy,0.002074435,26.8310018415158,0.8579524215520751,0.19225861132144928,19.819899986032397
001470.npy,0.0032853289,24.834211712512648,0.8247399896961944,0.20619019865989685,19.75590002257377
001471.npy,0.0021812264,26.612992671058695,0.8658936506323927,0.16640743613243103,19.783299998380244
001472.npy,0.0005304018,32.75395000516486,0.8719155198191404,0.2541496753692627,19.73929998348467
001473.npy,0.0010055867,29.97580479366027,0.5607406311690807,0.5608450770378113,19.747999991523102
001474.npy,0.0006131072,32.124635935937185,0.683050649664402,0.48209279775619507,19.78689999668859
001475.npy,0.0009810368,30.083146973126865,0.5701303048336506,0.5445072650909424,19.79859999846667
001476.npy,0.0033040466,24.809538436062056,0.7942057219930813,0.20301057398319244,19.772300001932308
001477.npy,0.0011693868,29.320417856379663,0.8481771496929414,0.1405845731496811,19.857299979776144
001478.npy,0.0010904653,29.62388157083844,0.8569026012996435,0.13047948479652405,19.876299978932366
001479.npy,0.0008854305,30.528455462919823,0.8675972410772592,0.15113380551338196,19.922800012864172
001480.npy,0.0035263097,24.526795511943533,0.6069524700617828,0.39469146728515625,19.922399980714545
001481.npy,0.0017003618,27.694586356052497,0.7861451589305689,0.23469170928001404,19.89499997580424
001482.npy,0.0012827577,28.91855348467115,0.7970623715616315,0.268751859664917,19.784300005994737
001483.npy,0.0017852698,27.482960995132405,0.7761321631166893,0.25025051832199097,19.97369999298826
001484.npy,0.0006887506,31.619380196549656,0.903009367289769,0.15600593388080597,19.91580001777038
001485.npy,0.00073621166,31.329973419758876,0.8642578985249885,0.2999202609062195,20.824799983529374
001486.npy,0.00049607304,33.044543224718744,0.8998842900869548,0.20134806632995605,20.910999999614432
001487.npy,0.0005415953,32.663251239726975,0.8980327266870737,0.23017805814743042,20.74249999714084
001488.npy,0.0030772346,25.118393789990535,0.6716844378728332,0.339938223361969,20.34710001316853
001489.npy,0.0064840354,21.88154601193302,0.801051751515618,0.20258484780788422,20.399600005475804
001490.npy,0.006325375,21.989137488235993,0.7843642177928598,0.2022925466299057,20.390499994391575
001491.npy,0.0054403553,22.64372746570539,0.8135171098119123,0.20063605904579163,20.345700002508238
001492.npy,0.0017617345,27.54059539556065,0.9093256937667579,0.10735694319009781,20.356399996671826
001493.npy,0.00040882124,33.884665410974065,0.900300465341866,0.16198191046714783,20.361999981105328
001494.npy,0.00041716383,33.7969336011411,0.8786662262080908,0.22736488282680511,20.51269999356009
001495.npy,0.00048469356,33.14532748119791,0.8679277286987602,0.2098778486251831,20.473999989917502
001496.npy,0.00080978544,30.916300201935968,0.8875659591203033,0.1492927521467209,20.52030002232641
001497.npy,0.0007202482,31.425178268392475,0.8932709883314371,0.1493103802204132,20.550200017169118
001498.npy,0.0006236471,32.050611285152456,0.9106112142162919,0.1376800388097763,20.526599982986227
001499.npy,0.0005450628,32.63553429963335,0.9202419534426928,0.1283542513847351,20.36629998474382
001500.npy,0.0014087956,28.51152041625847,0.5947820109083652,0.476698637008667,20.331800013082102
001501.npy,0.0010783044,29.672586198347965,0.7553759069767426,0.28033459186553955,19.93370000855066
001502.npy,0.0009859122,30.061617576576836,0.7609859688897878,0.32359445095062256,19.901699997717515
001503.npy,0.0010810154,29.661681329086065,0.7539708163768202,0.32741591334342957,19.913099997211248
001504.npy,0.0029933162,25.23847403863991,0.5786132256368343,0.40089479088783264,19.892799988156185
001505.npy,0.0021608789,26.653695694591764,0.6675118048217492,0.4453447759151459,19.887100002961233
001506.npy,0.0020718197,26.836480835077843,0.6568634395364523,0.43765875697135925,19.925699976738542
001507.npy,0.0014234267,28.466649212276195,0.7200332895661322,0.32679110765457153,19.958300021244213
001508.npy,0.005246762,22.801086362888032,0.7202317021436286,0.30378761887550354,19.921300001442432
001509.npy,0.011595514,19.35710003209254,0.5931488439494362,0.45199906826019287,19.7450999985449
001510.npy,0.011320562,19.461319999620613,0.5939717928929857,0.45038414001464844,19.895499979611486
001511.npy,0.011809913,19.277532527179623,0.5845525270385984,0.4375796914100647,20.02219998394139
001512.npy,0.00073229964,31.353111866649513,0.873234596851876,0.2657621204853058,19.969999993918464
001513.npy,0.0027242235,25.647572664345418,0.7423386909259863,0.18787816166877747,19.86070000566542
001514.npy,0.0022589623,26.460910455292833,0.7611912395442724,0.18710507452487946,19.931300019379705
001515.npy,0.0022980603,26.38638584036665,0.7597258408763409,0.1948661208152771,19.918200006941333
001516.npy,0.0043769125,23.588321552241986,0.7950569642745927,0.25061360001564026,19.935799995437264
001517.npy,0.0005540706,32.564349308942376,0.863926853968829,0.24868209660053253,19.782699993811548
001518.npy,0.00051209505,32.906494585507595,0.8884399309364557,0.2137378603219986,19.727100007003173
001519.npy,0.00046884685,33.289689690053834,0.8975270009467602,0.23789894580841064,19.765600009122863
001520.npy,0.0016075822,27.938267807997313,0.7709043910909555,0.253202348947525,19.725200021639466
001521.npy,0.0010663562,29.72097682228928,0.8230939626067318,0.2781767249107361,19.755999994231388
001522.npy,0.00088533235,30.528936680891373,0.8430907749189567,0.3624142110347748,19.790899998042732
001523.npy,0.0009128952,30.39579074690055,0.8386019623496085,0.3465295433998108,19.74089999566786
001524.npy,0.0011383172,29.43736727199822,0.8944184874388501,0.14656762778759003,31.494999973801896
001525.npy,0.00013266645,38.77238913623144,0.9459699213371277,0.17001403868198395,20.875000016530976
001526.npy,0.00019397555,37.12253018857122,0.9257363232803345,0.22799602150917053,20.256199990399182
001527.npy,0.00025260108,35.97564791723211,0.9050961642039865,0.28534454107284546,20.257500000298023
001528.npy,0.0028220974,25.494280337036347,0.7382807399147362,0.1419467329978943,20.217400015098974
001529.npy,0.0008176966,30.8740777627121,0.6737444691207409,0.43478548526763916,20.397699991008267
001530.npy,0.0009570118,30.190826829573545,0.6464673124971464,0.432955801486969,20.39890000014566
001531.npy,0.000846638,30.72302242147007,0.6587254935108274,0.4719635248184204,20.689600001787767
001532.npy,0.00036510368,34.37583787569365,0.81189398711586,0.3678700923919678,20.632100000511855
001533.npy,0.0022180132,26.540358620954535,0.8313361174077317,0.21013188362121582,20.564000005833805
001534.npy,0.0016638897,27.78875471929188,0.8517388649036511,0.20391477644443512,19.920499995350838
001535.npy,0.0018476788,27.33373545098116,0.8533299368007258,0.21113301813602448,19.88320000236854
001536.npy,0.003958432,24.024768032493053,0.7836511008353034,0.1816018670797348,19.901599996956065
001537.npy,0.00058549293,32.32478309176035,0.8839056742377057,0.12799349427223206,19.89500000490807
001538.npy,0.0005264591,32.78635366807356,0.8960682770341635,0.1435692459344864,19.965600018622354
001539.npy,0.00045977667,33.374530773391186,0.9045152676515579,0.1439691036939621,19.941199978347868
001540.npy,0.0007895007,31.026474966133478,0.9322365063088536,0.09983760863542557,19.91850000922568
001541.npy,0.0025028626,26.01562988039069,0.692779356127339,0.33664390444755554,19.891100004315376
001542.npy,0.0020141918,26.95899162781889,0.7311120868909768,0.2980186343193054,19.870099989930168
001543.npy,0.0020910364,26.796384276850315,0.7262551689869352,0.32081368565559387,19.914600008632988
001544.npy,0.0032313296,24.90618737282449,0.7856406830193996,0.23570165038108826,19.971499976236373
001545.npy,0.0006659562,31.76554355983277,0.8677265699896812,0.21267765760421753,20.005500002298504
001546.npy,0.0007366403,31.32744523089748,0.8542242097429633,0.2240295708179474,19.988000014564022
001547.npy,0.00055976806,32.519919049570504,0.8646744495746046,0.23111744225025177,19.89799999864772
001548.npy,0.0014777648,28.30394641187389,0.8555862547215193,0.34136736392974854,19.907699985196814
001549.npy,0.0018877838,27.240477391799338,0.8184394346306664,0.24426372349262238,19.998300005681813
001550.npy,0.001054215,29.77070743136437,0.857643984046191,0.21934674680233002,19.897399994079024
001551.npy,0.0011316008,29.463067401019003,0.8274660166265965,0.23662708699703217,19.91140001337044
001552.npy,0.0058251973,22.34689354931176,0.8133869020393193,0.21739493310451508,19.92740001878701
001553.npy,0.002343243,26.301826931582998,0.7289567925655893,0.3196072578430176,19.9187999824062
001554.npy,0.0024706773,26.071840077055842,0.7208086981726046,0.3159645199775696,19.892600015737116
001555.npy,0.002393066,26.21045356868497,0.731509181452475,0.3124077022075653,19.93219999712892
001556.npy,0.0012377757,29.07358059732678,0.8679250715108319,0.29238319396972656,19.9099000019487
001557.npy,0.011876346,19.253171800212954,0.5103897060283386,0.6030827760696411,19.91280002403073
001558.npy,0.014408171,18.413911343761484,0.5068930863257861,0.6207630038261414,19.897299993317574
001559.npy,0.012232469,19.124858213284423,0.5407245912438235,0.592185378074646,19.899000006262213
001560.npy,0.0015236586,28.17112313888558,0.8644943350912556,0.14788144826889038,19.7735000110697
001561.npy,0.0027799318,25.55965876944617,0.8512698941713125,0.13039731979370117,19.76910000666976
001562.npy,0.0025058577,26.010435907448482,0.8504692794143344,0.12743578851222992,19.82660000794567
001563.npy,0.0022497145,26.478725806663924,0.8637523554851562,0.13042406737804413,19.776000001002103
001564.npy,0.0004418387,33.5473626791058,0.9272223126704693,0.108118437230587,19.77519999491051
001565.npy,0.0009330345,30.30102294899021,0.880328140375495,0.13005292415618896,19.851699995342642
001566.npy,0.0009876105,30.054142530253856,0.8768405221107602,0.11674698442220688,19.897099991794676
001567.npy,0.0012203688,29.135088836640307,0.861270949779367,0.09981434047222137,19.802199996775016
001568.npy,0.0009144967,30.38817829723214,0.6847173015213013,0.5379359126091003,19.858399988152087
001569.npy,0.001482092,28.291248619644854,0.5574574018103182,0.6038815379142761,19.912199990358204
001570.npy,0.0014483058,28.391397423724307,0.5614795673654079,0.577911376953125,19.765500008361414
001571.npy,0.0015105999,28.208505361715943,0.5638442524602413,0.5918813943862915,19.847899995511398
001572.npy,0.009121949,20.39912381586559,0.6022227461758107,0.4122171700000763,19.808300014119595
001573.npy,0.0081564095,20.885009663689445,0.6920680528064864,0.2957427501678467,19.747499987715855
001574.npy,0.007660932,21.15718388014104,0.6979497721130159,0.29778820276260376,19.751599989831448
001575.npy,0.00813359,20.89717728768102,0.6878508578814696,0.3062131702899933,19.766799989156425
001576.npy,0.0021175588,26.74164530413084,0.7777638584206789,0.21726389229297638,19.857000006595626
001577.npy,0.00020893883,36.799808393174146,0.9312333784041404,0.15016451478004456,19.75999999558553
001578.npy,0.00023342797,36.31847117131182,0.9265556495637893,0.15456265211105347,19.7766000055708
001579.npy,0.00025168108,35.991494041047616,0.9179218550438881,0.1499279886484146,19.760600000154227
001580.npy,0.0002498897,36.022516249756215,0.9200290056366921,0.17643316090106964,19.7450999985449
001581.npy,0.00031472844,35.020639940282585,0.9094193939938545,0.21721291542053223,19.754700013436377
001582.npy,0.00028241272,35.49115759268791,0.9190694813489914,0.22992415726184845,19.88330000312999
001583.npy,0.0004838863,33.152566722802355,0.8787625953235626,0.26616913080215454,20.199499995214865
001584.npy,0.008199826,20.861953619593866,0.597699199927133,0.41921424865722656,20.321299991337582
001585.npy,0.004618548,23.354945837058597,0.7132873397516627,0.29055553674697876,20.315400004619732
001586.npy,0.004635581,23.3389584670868,0.7378250328451023,0.2343515157699585,19.997800001874566
001587.npy,0.0044753505,23.491729614492698,0.7445229240825185,0.25913336873054504,19.968100008554757
001588.npy,0.00083349104,30.790990644062646,0.6760690660656392,0.4366917312145233,19.95889999670908
001589.npy,0.004495763,23.471965595780112,0.7595886383121996,0.2593957483768463,19.927100016502663
001590.npy,0.00554086,22.564228025794502,0.7721947033159882,0.25788387656211853,20.006600010674447
001591.npy,0.005103144,22.921622101030053,0.7729554648851259,0.2634112238883972,19.88909998908639
001592.npy,0.0026369456,25.78898836536537,0.5899615210124552,0.4893896281719208,19.968299980973825
001593.npy,0.0024638919,26.08378352459554,0.445230205515699,0.6413465738296509,19.974700000602752
001594.npy,0.0012390469,29.06912289408322,0.6125616644240655,0.4724729359149933,19.929400004912168
001595.npy,0.0011913477,29.23961451769753,0.6077836856472493,0.519733726978302,20.034699991811067
001596.npy,0.0012759867,28.941538694232513,0.49538312756967545,0.6723160743713379,19.73780000116676
001597.npy,0.0016119835,27.92639413698598,0.769591543929697,0.316374808549881,19.759099988732487
001598.npy,0.0018693876,27.28300642914324,0.7375612892914424,0.3340071439743042,20.060399983776733
001599.npy,0.0015415915,28.12030684765574,0.7902293914422588,0.2729610800743103,19.76590001140721
001600.npy,0.0010200236,29.913897824221074,0.6562802706825267,0.3914252519607544,19.780000002356246
001601.npy,0.0022985318,26.385494583058616,0.7790391597240269,0.27911150455474854,20.180599996820092
001602.npy,0.0039557833,24.027674879440983,0.7787772792375144,0.3208119869232178,19.743200013181195
001603.npy,0.002370004,26.25250902824741,0.7788370313475989,0.28054487705230713,19.792199978837743
001604.npy,0.0008331418,30.792810709918697,0.796646666816026,0.2320549190044403,19.817599997622892
001605.npy,0.008623004,20.64341411255043,0.9233794621534348,0.21821731328964233,19.799200003035367
001606.npy,0.006859282,21.637213388499955,0.9358935354997515,0.20843543112277985,19.788899982813746
001607.npy,0.008375023,20.77013981574158,0.923576407569766,0.22359654307365417,19.78999999118969
001608.npy,0.0016137343,27.921679517836452,0.8479786973601431,0.14968466758728027,19.76769999600947
001609.npy,0.0016863687,27.730474786116964,0.8063461084770783,0.20224487781524658,19.746300007682294
001610.npy,0.0017790545,27.498107670054083,0.8287656015466451,0.2133905589580536,19.744499993976206
001611.npy,0.0022189477,26.538529445358762,0.7983190343273208,0.18112541735172272,19.939699996029958
001612.npy,0.00035144787,34.5413908411905,0.8260793873734474,0.28506526350975037,19.826000003376976
001613.npy,0.0016120755,27.92614617781013,0.8276388151438833,0.20382876694202423,19.784800009801984
001614.npy,0.0011748804,29.300063463226664,0.8460317797352336,0.17628400027751923,19.788999983575195
001615.npy,0.0011402279,29.4300832317438,0.8474789802429903,0.17385819554328918,19.79580000624992
001616.npy,0.001734504,27.608247003229724,0.7158669137128666,0.38365787267684937,19.75569999194704
001617.npy,0.0005715908,32.42914783627361,0.8347168180143834,0.24019744992256165,19.759499991778284
001618.npy,0.0011494678,29.395031930443892,0.7102124925584048,0.30199313163757324,19.778999994741753
001619.npy,0.00070376875,31.525700361529694,0.8129479985120147,0.21526382863521576,19.762700016144663
001620.npy,0.0008563268,30.673604681241507,0.8828739266903997,0.1460736095905304,19.895599980372936
001621.npy,0.00081977865,30.863034089381635,0.8423149855125993,0.2250060737133026,19.98530002310872
001622.npy,0.0007637317,31.170591684092063,0.8514003711891174,0.21663516759872437,20.070599974133074
001623.npy,0.00062100025,32.06908236350362,0.877659297096014,0.20929166674613953,20.050300023285672
001624.npy,0.0043675993,23.59757215519864,0.7517212309287153,0.24600717425346375,20.314599998528138
001625.npy,0.0033693921,24.724484623563292,0.7432355803593919,0.2778474688529968,20.32480001798831
001626.npy,0.0029248372,25.33898292182522,0.7486495609921725,0.2675807476043701,20.281100005377084
001627.npy,0.0030664038,25.133706739997166,0.7428636349937254,0.2761908173561096,20.214599993778393
001628.npy,0.0010328412,29.859664593699897,0.7931444547456037,0.27511537075042725,20.304999983636662
001629.npy,0.0013856656,28.583415506001057,0.8796148394753933,0.16487467288970947,20.57660001446493
001630.npy,0.0013530368,28.686903882371237,0.871417045962885,0.1665513962507248,20.642599993152544
001631.npy,0.0013219567,28.787827502120244,0.8749542085994482,0.1554868370294571,20.670800004154444
001632.npy,0.004080465,23.892903353045835,0.764260775797084,0.23912131786346436,19.889899995177984
001633.npy,0.0011777498,29.289469252468923,0.6258086274949313,0.5083380937576294,19.907499983673915
001634.npy,0.0010792861,29.668633955824543,0.6330991516531705,0.5067844986915588,20.048499980475754
001635.npy,0.00033346258,34.76952896120719,0.9227421390492916,0.20316728949546814,19.944900006521493
001636.npy,0.006409569,21.93171161264329,0.8311365914580151,0.18118861317634583,19.975800008978695
001637.npy,0.0036321676,24.39834122135241,0.8033936384837664,0.15239395201206207,19.922699982998893
001638.npy,0.004813282,23.17558672542966,0.7991977829339932,0.17146648466587067,19.9348000169266
001639.npy,0.004525589,23.44324875699362,0.7959152934179288,0.1677030473947525,19.900300016161054
001640.npy,0.0014976425,28.245918475974328,0.7430537380491197,0.4155018925666809,19.805799995083362
001641.npy,0.00058187917,32.35167201362935,0.771974585492134,0.3228299021720886,19.81050000176765
001642.npy,0.0010041707,29.981924523906006,0.7272359725360871,0.3417889177799225,19.780100003117695
001643.npy,0.0004153608,33.815744982045224,0.8233725825591087,0.276625394821167,19.74680001148954
001644.npy,0.0014152585,28.49164226878209,0.7943420749749175,0.2119007259607315,19.792300008703023
001645.npy,0.0006295948,32.00938895193583,0.9370305972876474,0.04777507483959198,19.8104000010062
001646.npy,0.0006597748,31.80604276903244,0.9361331226050854,0.05120875686407089,19.814700004644692
001647.npy,0.0009269542,30.329417028142124,0.9248042653769851,0.06446214020252228,19.742000004043803
001648.npy,0.004686749,23.29128279633839,0.6841725122302323,0.2843719720840454,19.75549999042414
001649.npy,0.0007998735,30.969786821161264,0.8222185420933962,0.19218844175338745,19.76920000743121
001650.npy,0.00073570304,31.332974559053245,0.827841890068531,0.18568599224090576,19.749099999899045
001651.npy,0.00065201754,31.857406983986355,0.8435617591311931,0.1754365861415863,19.754699984332547
001652.npy,0.00040814865,33.891816244532535,0.870446626384899,0.2611014246940613,19.876499980455264
001653.npy,0.0017979646,27.45218878174466,0.5613130777830183,0.47661593556404114,19.816899992292747
001654.npy,0.0015803163,28.012560055158563,0.6044115016867239,0.45232146978378296,19.788899982813746
001655.npy,0.0016524196,27.81879666229662,0.6021424016810134,0.43414202332496643,19.839399988995865
001656.npy,0.0012632743,28.985023247532745,0.8904036676850033,0.20422431826591492,19.754899985855445
001657.npy,0.0017508338,27.567550684569177,0.7883484115560315,0.19045284390449524,19.778499990934506
001658.npy,0.0024988921,26.022525035241696,0.7156169632073082,0.23051613569259644,19.780400005402043
001659.npy,0.0016699191,27.77304568753719,0.8029708564417511,0.17612285912036896,19.77789998636581
001660.npy,0.0007565201,31.211795590216852,0.8612996816162505,0.19025985896587372,19.854299986036494
001661.npy,0.0007956888,30.99256763308814,0.9138522261836529,0.09493936598300934,21.814300009282306
001662.npy,0.0011599741,29.355516714312454,0.8751502932002991,0.19909822940826416,21.8299999833107
001663.npy,0.0011545967,29.375697039765797,0.8821077801857097,0.191426619887352,21.82100000209175
001664.npy,0.0048787803,23.116887103125666,0.6974021226975774,0.33050537109375,21.81649999693036
001665.npy,0.0044324826,23.533529801462375,0.5721790660034874,0.3936959505081177,21.895399986533448
001666.npy,0.0037818248,24.222986020389932,0.5568901918222804,0.3931594491004944,21.920900006080046
001667.npy,0.0037307309,24.28206076538938,0.6077709476434742,0.40888431668281555,22.055600013118237
001668.npy,0.0063648215,21.96213776777896,0.7343407313896343,0.2182539701461792,22.05810000305064
001669.npy,0.0071740462,21.442358317247216,0.23278266168097553,0.8431016206741333,20.240800018655136
001670.npy,0.0070492392,21.51857765716131,0.22080535885097088,0.8381149768829346,20.420199987711385
001671.npy,0.005147554,22.883990680599187,0.26220610637135805,0.8501145243644714,20.226399996317923
001672.npy,0.0013674438,28.64090520705185,0.8283244551734328,0.2016015648841858,20.24790001451038
001673.npy,0.00042636605,33.70217398939764,0.9027067639727593,0.14193622767925262,20.264699996914715
001674.npy,0.00052115275,32.83034942605177,0.890225600107193,0.15357550978660583,20.232200011378154
001675.npy,0.000581607,32.353703994809976,0.886250323195219,0.12235093116760254,20.249699999112636
001676.npy,0.0040078503,23.9708850790305,0.8320385361361797,0.16539382934570312,20.190300012473017
001677.npy,0.0010809754,29.66184210367058,0.8033368229519651,0.2023492157459259,20.041999989189208
001678.npy,0.0013360798,28.741675708374924,0.7988725357826731,0.22133281826972961,20.148999989032745
001679.npy,0.0027532894,25.601481636897834,0.7653923395850972,0.23505565524101257,20.109200006118044
001680.npy,0.0013078874,28.83429641975812,0.8093551180732157,0.262713223695755,19.8755000019446
001681.npy,0.0013734807,28.621774628171725,0.8974777878241837,0.09871941804885864,20.149400021182373
001682.npy,0.0010065429,29.971676673005998,0.9274447548193931,0.07218663394451141,19.95720001286827
001683.npy,0.0013009397,28.857428240245362,0.9255575309161655,0.07588755339384079,19.98080001794733
001684.npy,0.002045296,26.89243829219794,0.7591591198581364,0.26220476627349854,19.957999989856035
001685.npy,0.00075798976,31.203366432215475,0.8977353570634574,0.26326489448547363,19.90109999314882
001686.npy,0.0005443179,32.64147428764115,0.9275583987855911,0.16392117738723755,19.99139998224564
001687.npy,0.00055794854,32.5340583952096,0.929783678393364,0.18580111861228943,19.93629999924451
001688.npy,0.0033265771,24.78002395606465,0.5837297928940677,0.38217225670814514,20.274599984986708
001689.npy,0.0013187302,28.798440419997718,0.6495668923307657,0.4411400854587555,19.90380001370795
001690.npy,0.0013696466,28.633914381917677,0.6448504971419573,0.5058907866477966,19.920499995350838
001691.npy,0.0013502671,28.695802951669744,0.6459440132004023,0.5305191874504089,19.9099000019487
001692.npy,0.0011291152,29.472617618221513,0.892729797337234,0.10571428388357162,19.896799989510328
001693.npy,0.0018168732,27.40675407743766,0.873655932881943,0.18704712390899658,19.891500007361174
001694.npy,0.001680683,27.74514164669455,0.8796112129792273,0.1799847036600113,19.939999998314306
001695.npy,0.00198786,27.016141706672002,0.8758998811597078,0.18209663033485413,19.82379998662509
001696.npy,0.0013610027,28.661410293819817,0.898147230676487,0.13666121661663055,19.854200014378875
001697.npy,0.0006820769,31.661666055748256,0.714373393542435,0.4218873083591461,19.880600011674687
001698.npy,0.0011913406,29.239640407087077,0.5970077407426462,0.6197895407676697,19.79300001403317
001699.npy,0.0025496946,25.935118458458163,0.47400670262237266,0.6874735355377197,19.76920000743121
001700.npy,0.00089027005,30.50478241995286,0.8892565239966512,0.13176843523979187,19.829299999400973
001701.npy,0.00094491785,30.246059624159077,0.8851150542491376,0.14339444041252136,19.730200001504272
001702.npy,0.0007937891,31.002948928784107,0.8721591824047565,0.1933334916830063,19.95710001210682
001703.npy,0.0011657618,29.333901329222016,0.8562667860271335,0.1592468023300171,19.743500015465543
001704.npy,0.0014784279,28.30199876223743,0.8710954459379167,0.17872384190559387,19.781899987719953
001705.npy,0.0004641516,33.33340132768487,0.8917335024798363,0.2435295283794403,19.934599986299872
001706.npy,0.00027090998,35.67175002525583,0.931465819349289,0.2012569010257721,19.75139998830855
001707.npy,0.00031911916,34.960471120139914,0.9177401162056923,0.18405957520008087,19.843999994918704
001708.npy,0.003299739,24.815204025299668,0.612634319680145,0.39415693283081055,19.782699993811548
001709.npy,0.0013257262,28.775461442576997,0.8796533168910704,0.2632967233657837,19.736699992790818
001710.npy,0.001002501,29.98915190048692,0.9026533838787377,0.2462187260389328,19.81180001166649
001711.npy,0.0012271985,29.110851892204465,0.8676136242258623,0.2838835120201111,19.75259999744594
001712.npy,0.001598943,27.96167030575348,0.8388853491306938,0.15008720755577087,19.944600004237145
001713.npy,0.001257566,29.004692264993423,0.8752738573690448,0.1345464587211609,19.846499984851107
001714.npy,0.0013727862,28.62397092776673,0.8601560272167437,0.13815253973007202,19.773000007262453
001715.npy,0.0012740984,28.947970481440922,0.8749374768606349,0.1423727571964264,19.787699973676354
001716.npy,0.0019638846,27.068840509501403,0.8023550016994816,0.1859544813632965,19.743199984077364
001717.npy,0.0009015264,30.450215574067027,0.7322263383545875,0.30948740243911743,19.75590002257377
001718.npy,0.00082905364,30.814173483424412,0.7426627699322886,0.2733728289604187,19.748699996853247
001719.npy,0.0010716076,29.699642181141282,0.6988672204913553,0.26465678215026855,19.75300000049174
001720.npy,0.00028420723,35.46364903345373,0.9309944948010445,0.16076131165027618,19.962399994255975
001721.npy,0.0015165868,28.191327483489992,0.8093284958913773,0.25940605998039246,20.240799989551306
001722.npy,0.0021596444,26.656177268833012,0.7882396189437062,0.3032744824886322,20.073700026841834
001723.npy,0.001900348,27.211668377540505,0.7885622012880724,0.2519339323043823,20.054399996297434
001724.npy,0.0015833974,28.004100343214432,0.7735294608758092,0.2595099210739136,20.19429998472333
001725.npy,0.0032113143,24.933171713468873,0.7068533009687532,0.27129611372947693,20.21940000122413
001726.npy,0.0038134754,24.18679090735068,0.6873962436703002,0.23916427791118622,19.891100004315376
001727.npy,0.004183109,23.78500822567394,0.7049479456198998,0.2336699664592743,20.004299993161112
001728.npy,0.0031091871,25.073531465989127,0.8772599029546455,0.1601289063692093,19.937200006097555
001729.npy,0.010707345,19.703181961990182,0.6230340510216039,0.3499296009540558,19.891600008122623
001730.npy,0.0116262585,19.345600286724544,0.6213065390397235,0.33671921491622925,19.994799979031086
001731.npy,0.0117253885,19.308727564557845,0.6222653025964759,0.3121187388896942,20.003800018457696
001732.npy,0.00035265434,34.52650767461044,0.8717186950592994,0.30449819564819336,20.012399996630847
001733.npy,0.00042997336,33.66558478447335,0.8211151265290231,0.2986539900302887,19.913800002541393
001734.npy,0.00036505947,34.3763641943194,0.8327172531336546,0.29479196667671204,19.956200005253777
001735.npy,0.00029585068,35.28927391665878,0.8498504419262409,0.30302250385284424,19.93650000076741
001736.npy,0.00089187245,30.496972545462917,0.8797251339335441,0.1655987948179245,19.971500005340204
001737.npy,0.0013001875,28.859939926709387,0.8592737647068128,0.19434881210327148,19.933999981731176
001738.npy,0.0010857822,29.642572504581793,0.8819330463936887,0.20219223201274872,19.91150001413189
001739.npy,0.0012244238,29.12068240647114,0.8702682500383928,0.18619230389595032,19.918300007702783
001740.npy,0.0008541483,30.68466705024308,0.7715330679386929,0.276539146900177,19.76439999998547
001741.npy,0.0008617904,30.64598322313745,0.8629693865026953,0.11772708594799042,19.818799977656454
001742.npy,0.0011391181,29.434312450699665,0.8310948569347113,0.14215609431266785,19.730200001504272
001743.npy,0.0008110151,30.90971033771479,0.8711936163545847,0.11812607198953629,19.77340001030825
001744.npy,0.0077678515,21.096990661395054,0.5864562883022884,0.3549855053424835,19.909199996618554
001745.npy,0.0077298335,21.118298511410003,0.6966234905364709,0.325148344039917,19.785800017416477
001746.npy,0.0077733984,21.093890732191298,0.6936518110806793,0.33692243695259094,19.718199997441843
001747.npy,0.008826213,20.54225591880187,0.6430694753157129,0.3720044791698456,19.76470000226982
001748.npy,0.0049784016,23.02910075264327,0.6484356695223134,0.37645745277404785,19.822800008114427
001749.npy,0.002498136,26.023839621008204,0.6350259604338195,0.38600003719329834,19.78969998890534
001750.npy,0.002184445,26.606588881393346,0.6414140043467921,0.39249640703201294,19.83279999694787
001751.npy,0.0022712988,26.437257325660614,0.6299995017748885,0.4192741811275482,19.93080001557246
001752.npy,0.0003468118,34.59906128727899,0.9069664214242696,0.30426955223083496,19.979799981229007
001753.npy,0.0033894053,24.698764775206733,0.8476030440351888,0.12911127507686615,19.821499998215586
001754.npy,0.00415357,23.815784551852154,0.8266188869192135,0.1275191307067871,19.743199984077364
001755.npy,0.0039587826,24.02438344331866,0.8335751096551121,0.1273578256368637,19.771699997363612
001756.npy,0.00094469613,30.247078357119452,0.8758285002153516,0.1368437111377716,19.842000008793548
001757.npy,0.00042809497,33.684598471248044,0.8741671027091742,0.194854274392128,19.83999999356456
001758.npy,0.00045437855,33.42582191810858,0.8725231061549187,0.19695928692817688,19.777000008616596
001759.npy,0.00045635964,33.40692747767079,0.8658935511894226,0.18640194833278656,19.86820000456646
001760.npy,0.0006839549,31.6497251873105,0.7925314453031421,0.20507284998893738,19.815699983155355
001761.npy,0.002821399,25.49535500600787,0.7100915074007437,0.2570551633834839,19.765100005315617
001762.npy,0.004926335,23.07476054710603,0.682107772317985,0.29778391122817993,19.833199999993667
001763.npy,0.0023597623,26.271317169987185,0.7099859072687998,0.29007211327552795,19.787400000495836
001764.npy,0.0024356637,26.133826601853286,0.40065477855622766,0.6375460624694824,19.810900004813448
001765.npy,0.0013824933,28.593369720457474,0.4603157716859579,0.649512767791748,19.787800003541633
001766.npy,0.0013970246,28.547959039385752,0.46077028840613365,0.6551613807678223,19.876800011843443
001767.npy,0.0012625316,28.987577421329465,0.47237711701059343,0.6619281768798828,20.633200008887798
001768.npy,0.00052876235,32.767394485179025,0.8848059190812111,0.18107740581035614,21.627399983117357
001769.npy,0.0020644842,26.851884705034813,0.7025405462021144,0.26299500465393066,21.701499994378537
001770.npy,0.0016146271,27.919277754825593,0.7409832910133004,0.277729868888855,21.745000005466864
001771.npy,0.0015552933,28.081877121234665,0.677812065124154,0.3790285289287567,20.085099997231737
001772.npy,0.0067827674,21.68593103546907,0.7012385220754507,0.26934918761253357,20.064999989699572
001773.npy,0.0018995812,27.213421324094888,0.6977889461134225,0.43597596883773804,20.061900024302304
001774.npy,0.0019072731,27.19587135966848,0.695761344016701,0.45645561814308167,20.131099998252466
001775.npy,0.0022046182,26.56666629656804,0.6676663780184984,0.48378920555114746,20.249399996828288
001776.npy,0.009824008,20.077113055920716,0.7020946587536111,0.2617497742176056,20.076899993000552
001777.npy,0.0049176104,23.082458562532967,0.7519483704222589,0.23903949558734894,20.156899990979582
001778.npy,0.004688062,23.2900663745011,0.7887648587368801,0.23871701955795288,20.03260000492446
001779.npy,0.00516072,22.872896962042812,0.7821615267605204,0.2472800761461258,20.112000027438626
001780.npy,0.0013111026,28.823632894488288,0.7785098021264673,0.40871596336364746,20.087000011699274
001781.npy,0.0028981403,25.37880566300176,0.3065350415544547,0.7722018361091614,20.22089998354204
001782.npy,0.0024637158,26.084093666204748,0.34511505609762666,0.8077857494354248,20.046399993589148
001783.npy,0.002635375,25.79157592275616,0.32639694276677256,0.816882848739624,20.124299975577742
001784.npy,0.0017646924,27.533309972748093,0.8483461322937011,0.15154927968978882,20.052699983352795
001785.npy,0.0029996303,25.22932277861927,0.8229377230413435,0.2244667112827301,20.12460000696592
001786.npy,0.0029048594,25.368748676139546,0.8211044462114573,0.2194974273443222,20.13499999884516
001787.npy,0.0029100347,25.361018035552448,0.8223823810652494,0.21874278783798218,20.064299984369427
001788.npy,0.0011999632,29.208320988294695,0.8875197432817519,0.08553844690322876,20.021900010760874
001789.npy,0.0040532015,23.922017968899784,0.6687335817597381,0.27078986167907715,20.132400008151308
001790.npy,0.003547723,24.500502978499892,0.7049028663566271,0.33176982402801514,21.339899976737797
001791.npy,0.0034812782,24.582612510915737,0.6951302922801864,0.34277069568634033,22.429200005717576
001792.npy,0.004413728,23.55194447714638,0.507938368668437,0.43270090222358704,22.559399978490546
001793.npy,0.004659108,23.316972303093372,0.6024537963695266,0.33071815967559814,22.654599975794554
001794.npy,0.0049598655,23.045301230563744,0.6067395260338252,0.3196779787540436,22.844099992653355
001795.npy,0.0051198425,22.907433873655776,0.6328767960535092,0.32442620396614075,23.03469998878427
001796.npy,0.00068090856,31.66911198972789,0.838587351555109,0.2149825096130371,21.925499982899055
001797.npy,0.0013659829,28.645547581432858,0.8338713120173253,0.2216833233833313,21.824299998115748
001798.npy,0.0023952727,26.20645051501866,0.7856634292219971,0.21987560391426086,21.841299982042983
001799.npy,0.0014270635,28.45556715977296,0.8336344712601602,0.21334345638751984,20.627299993066117
001800.npy,0.00061031216,32.1444799575151,0.8617768720064313,0.1351555734872818,20.59259999077767
001801.npy,0.00022134744,36.54925525939448,0.9035945482063293,0.29479676485061646,20.658699999330565
001802.npy,0.00022563747,36.46588778863613,0.9042994430336952,0.24399185180664062,20.537200005492195
001803.npy,0.0002397984,36.2015368327966,0.8936103282600641,0.2680244743824005,20.559700002195314
001804.npy,0.0006313465,31.997322065382136,0.8955538464114666,0.25363385677337646,21.1379999818746
001805.npy,0.002241669,26.494285201680846,0.7845546531196683,0.23622071743011475,20.57930000592023
001806.npy,0.0026822886,25.714945130398668,0.768319364077515,0.22069483995437622,20.60039999196306
001807.npy,0.002099761,26.77830112599933,0.7995865743820816,0.2327551543712616,20.546100015053526
001808.npy,0.0014602677,28.35567541077313,0.863515025943324,0.09784143418073654,20.54520000820048
001809.npy,0.00018782355,37.262499769445846,0.9475123586874008,0.053146399557590485,20.5707999994047
001810.npy,0.00022069496,36.562075507778,0.9487459187278747,0.035516027361154556,20.533799979602918
001811.npy,0.00019169724,37.17384146274746,0.9465138141751289,0.03410744667053223,20.61209999374114
001812.npy,0.002109259,26.758701326912764,0.7975730145622231,0.19436874985694885,20.513299998128787
001813.npy,0.0035459967,24.50261680623015,0.8396572946538738,0.13163740932941437,20.778799982508644
001814.npy,0.0031524133,25.01356872070773,0.8579158523733914,0.1162310317158699,20.54530000896193
001815.npy,0.0031870685,24.96608595648504,0.8072587362141129,0.15777337551116943,20.619199989596382
001816.npy,0.0014469933,28.395334553449267,0.8489717892193794,0.1703205704689026,20.645699987653643
001817.npy,0.0006142421,32.11660423590696,0.8189600467422008,0.296649694442749,20.54379999754019
001818.npy,0.00065909117,31.81054511496398,0.8321936681681872,0.24528327584266663,20.553500013193116
001819.npy,0.0006756385,31.702856232761263,0.8093171137871742,0.280444860458374,20.52160000312142
001820.npy,0.0058805733,22.30580307167676,0.6824306636313472,0.27386802434921265,20.073399995453656
001821.npy,0.005685935,22.45198093405028,0.6852222963996185,0.3762744069099426,20.050300023285672
001822.npy,0.0066627474,21.763466442993522,0.6653294121244305,0.3526858687400818,20.041999989189208
001823.npy,0.0056748074,22.460488756596305,0.6640820631708503,0.35437244176864624,20.062700001290068
001824.npy,0.0015587222,28.072312919675287,0.8303386201551258,0.17037484049797058,20.08039999054745
001825.npy,0.00012049045,39.19047403580898,0.9620933976476789,0.047666653990745544,20.12000000104308
001826.npy,8.202267e-05,40.86066091710471,0.9664216859149933,0.06715121120214462,20.057500019902363
001827.npy,4.859083e-05,43.13445686838787,0.9623764689970017,0.07363749295473099,20.062700001290068
001828.npy,0.0015814744,28.0093780338552,0.577045344366461,0.44512560963630676,19.903199980035424
001829.npy,0.0020251772,26.93536987697586,0.8433194645893964,0.190907284617424,20.478099992033094
001830.npy,0.0021526478,26.67026969020737,0.8302972291758055,0.1843874752521515,19.937500008381903
001831.npy,0.0023427268,26.30278380745951,0.8258177884305485,0.2136690318584442,19.749999977648258
001832.npy,0.0071077817,21.48265920909459,0.6373182612697631,0.3067237436771393,19.73790000192821
001833.npy,0.002496498,26.026687889291395,0.8446636739696898,0.24231645464897156,19.731100008357316
001834.npy,0.0027691927,25.576468523668375,0.8356617688855976,0.22897173464298248,19.816899992292747
001835.npy,0.0031861858,24.967288940103973,0.8223550757354126,0.24637863039970398,19.865999987814575
001836.npy,0.004773004,23.21208166113177,0.717009441682024,0.23920342326164246,19.76009999634698
001837.npy,0.0025194224,25.986989860434768,0.7496995146294962,0.2409801483154297,19.864700007019565
001838.npy,0.0026691444,25.736279194547848,0.7378295018928536,0.244663804769516,19.74680001148954
001839.npy,0.003026741,25.190246948103404,0.7860196510011884,0.23403459787368774,19.886599999153987
001840.npy,0.0023505895,26.288231970418224,0.8644929736881218,0.17705793678760529,19.966699997894466
001841.npy,0.0011971786,29.21841065506035,0.7935413704804555,0.28320202231407166,19.89670001785271
001842.npy,0.0010466749,29.80188185421724,0.792544357272109,0.28435754776000977,19.88770000752993
001843.npy,0.0009917365,30.036037108647395,0.7905435220502445,0.26729288697242737,19.930899987230077
001844.npy,0.0020990013,26.77987308811677,0.6432489783792682,0.40758997201919556,19.789199985098094
001845.npy,0.00065533054,31.835395874489727,0.7780353817766607,0.17706212401390076,19.7733000095468
001846.npy,0.00060537504,32.17975501456738,0.7901862147464752,0.19086796045303345,19.756699999561533
001847.npy,0.00064011436,31.937424229809267,0.7814837916254997,0.2245493233203888,19.81769999838434
001848.npy,0.010409707,19.825614808776454,0.7826365446938996,0.15795008838176727,19.803500006673858
001849.npy,0.0009679011,30.14169008711523,0.6915499107986093,0.4349745810031891,19.776000001002103
001850.npy,0.0009910128,30.03920711587773,0.6893051013072133,0.4255574345588684,21.286500006681308
001851.npy,0.00090511807,30.432947421179698,0.715031010997653,0.39784425497055054,21.34380000643432
001852.npy,0.0012510096,29.027393240267653,0.6943327917122245,0.4924946427345276,21.519700007047504
001853.npy,0.0011010836,29.581796675609574,0.7489353039852679,0.2671756148338318,21.494200016604736
001854.npy,0.0009417556,30.26061742226227,0.794173271051526,0.22804462909698486,21.450300002470613
001855.npy,0.0010690236,29.71012692614863,0.7725498450887427,0.27249836921691895,20.12930001365021
001856.npy,0.00025843448,35.876495563139585,0.9071776166162491,0.2505607604980469,20.060400012880564
001857.npy,0.00032604576,34.86721450547929,0.9324347658519745,0.10742859542369843,20.088699995540082
001858.npy,0.0003785109,34.219216157184015,0.9140648024740219,0.254695326089859,20.026100013637915
001859.npy,0.0002764413,35.58397069096547,0.9253022192640304,0.15146060287952423,20.069199992576614
001860.npy,0.00040254035,33.951905930680894,0.8090028888645172,0.4144009053707123,20.042799995280802
001861.npy,0.0009141802,30.389681936415542,0.6266345139715671,0.5131288170814514,20.12930001365021
001862.npy,0.000805185,30.94104342652221,0.6329511147880554,0.48488274216651917,20.03850002074614
001863.npy,0.00088768185,30.517426395582596,0.6204488177229762,0.4837040901184082,20.052799984114245
001864.npy,0.005994029,22.22281186020924,0.5787050251623448,0.38804465532302856,20.10390002396889
001865.npy,0.00053081004,32.75060867295707,0.8206577777338028,0.2906108498573303,20.168699993519112
001866.npy,0.00053554645,32.71202866627797,0.8250032842987404,0.28459540009498596,20.27549999183975
001867.npy,0.0005289524,32.76583426887079,0.8264509840590953,0.3339788615703583,20.974499988369644
001868.npy,0.0016752987,27.759077478147592,0.8038891893176432,0.18354202806949615,20.130200020503253
001869.npy,0.0013945544,28.555645509043156,0.7764481458609389,0.2111586630344391,20.362799987196922
001870.npy,0.0011937142,29.230996234774388,0.8065724674731791,0.20445328950881958,20.266500010620803
001871.npy,0.0010321881,29.862411525536118,0.8245176278301142,0.188541442155838,20.21079999394715
001872.npy,0.01085047,19.645514402436,0.6362578646146217,0.32988137006759644,20.251399982953444
001873.npy,0.0057214675,22.424925766521024,0.7478939565451145,0.22840946912765503,20.181900006718934
001874.npy,0.005503664,22.59348098554524,0.7569728201211094,0.24106067419052124,20.278999989386648
001875.npy,0.005777398,22.382677236977777,0.7509947154376507,0.23805482685565948,20.196199999190867
001876.npy,0.001939877,27.122257862214504,0.7658205455573798,0.3078903555870056,19.972399983089417
001877.npy,0.0004054526,33.92059893695108,0.8545175817422866,0.4003191590309143,19.949200010159984
001878.npy,0.0004888192,33.10851742301427,0.8530403978481292,0.40036237239837646,19.920899998396635
001879.npy,0.00041584257,33.810710574383876,0.848998773660183,0.3836342990398407,19.942799990531057
001880.npy,0.0026191932,25.818324868990462,0.6910258424353616,0.3026060163974762,19.86829997622408
001881.npy,0.0023001372,26.382462556284786,0.7739469417865612,0.22460606694221497,19.75700000184588
001882.npy,0.0025163656,25.992262791385734,0.7582642289566903,0.214591383934021,19.940400001360103
001883.npy,0.0023329405,26.3209636672344,0.7692477968491744,0.23233339190483093,19.952099974034354
001884.npy,0.0002844236,35.46034376615184,0.9556575695711375,0.1285252422094345,19.90959999966435
001885.npy,0.0005119273,32.90791727415039,0.9496457487194575,0.137168288230896,19.855799997458234
001886.npy,0.00065722154,31.822881792478718,0.9542358000899348,0.08865433931350708,27.16220001457259
001887.npy,0.000755639,31.216856342657845,0.9440615046440636,0.11238892376422882,19.738300004974008
001888.npy,0.0038947845,24.095165757488427,0.8133470369902923,0.2148236334323883,19.73339999676682
001889.npy,0.00044120062,33.55363883250313,0.885502850725174,0.22448599338531494,19.764099997701123
001890.npy,0.00052037375,32.83684613898183,0.8680018352355957,0.2619020640850067,19.898700003977865
001891.npy,0.0004972571,33.034189806805585,0.8782643668599128,0.198160320520401,19.87419999204576
001892.npy,0.0020333605,26.917856220081973,0.8550835366721498,0.23579171299934387,19.85519999288954
001893.npy,0.0033313883,24.773747592728625,0.7759867740880437,0.17576614022254944,19.931599992560223
001894.npy,0.0027897344,25.544371666199595,0.8012012739201356,0.16218748688697815,19.790299993474036
001895.npy,0.0022746143,26.43092227085685,0.8321563276394867,0.15217365324497223,19.99719999730587
001896.npy,0.00093917287,30.272544738338816,0.8899658130674227,0.13176460564136505,19.937200006097555
001897.npy,0.0018927346,27.229102667378132,0.39327243101859094,0.7388541102409363,20.01949999248609
001898.npy,0.001838372,27.355666262015866,0.4083749380759001,0.7254641056060791,21.366800006944686
001899.npy,0.002029391,26.926342641515962,0.39134671882781386,0.7411166429519653,21.84050000505522
001900.npy,0.0006314586,31.996551346542283,0.9058809741917848,0.0702766701579094,22.1218999940902
001901.npy,0.00038943754,34.09562168258813,0.947475182709217,0.06921219825744629,22.210099996300414
001902.npy,0.0003394674,34.6920196716209,0.9470252253768444,0.06173655763268471,22.435499995481223
001903.npy,0.00041194685,33.85158821719575,0.9371930865745545,0.07756824791431427,22.426600015023723
001904.npy,0.001274281,28.947348494398103,0.8147439519440737,0.2523801922798157,22.63870000024326
001905.npy,0.0012442209,29.051025465128824,0.8472501623505838,0.15164686739444733,22.74829999078065
001906.npy,0.0011490362,29.39666311652776,0.8241865271195136,0.2135961800813675,22.83000000170432
001907.npy,0.0011137952,29.531946615585532,0.8283966620847958,0.2010083645582199,23.97999999811873
001908.npy,0.013797844,18.60188791937077,0.5004229488780721,0.46705901622772217,24.005899991607293
001909.npy,0.00065969647,31.80655825426255,0.8740004479038715,0.16227395832538605,24.132899998221546
001910.npy,0.00095339876,30.207254126287303,0.86238085992527,0.18380582332611084,24.1012999904342
001911.npy,0.00068989454,31.612172979352806,0.8646666035284996,0.1630343496799469,24.372799991397187
001912.npy,0.007400267,21.307526083215546,0.7821801180548147,0.2833477258682251,24.41969999927096
001913.npy,0.0033156164,24.794356921818693,0.7106733585693985,0.2860983908176422,24.63920001173392
001914.npy,0.0034992876,24.560203280444263,0.7089186296826913,0.2844032645225525,24.72960000159219
001915.npy,0.0031700511,24.989337459772667,0.6918142815089002,0.31247466802597046,24.770599993644282
001916.npy,0.007132433,21.467623165089215,0.5534897972076731,0.4206646680831909,22.371099999872968
001917.npy,0.0025253713,25.976747684835573,0.747567283369761,0.28173092007637024,22.339299990562722
001918.npy,0.0019739121,27.04672166441445,0.7579341899715513,0.2961590588092804,22.336100024404004
001919.npy,0.0024402863,26.12559243502405,0.7643197606331072,0.2993669807910919,22.23309999681078
001920.npy,0.00072891865,31.373209504905972,0.9268741628335714,0.0708392933011055,22.31449997634627
001921.npy,0.004283716,23.68179344145442,0.5959463615911659,0.3484361469745636,22.223599982680753
001922.npy,0.0044645094,23.502262240250708,0.5889916541605905,0.3735315203666687,22.259899997152388
001923.npy,0.0042343913,23.73209049170704,0.5835326896228074,0.3934480547904968,22.275199997238815
001924.npy,0.0020261304,26.93332599123805,0.7950383722128049,0.2535650134086609,22.2494000045117
001925.npy,0.0047128834,23.267133165145214,0.20382966417677886,0.8978422284126282,21.81830001063645
001926.npy,0.003932837,24.052940768199367,0.21748077610573172,0.8647400736808777,21.821700007421896
001927.npy,0.004175808,23.792595119595585,0.21727210241312905,0.891284167766571,21.830699988640845
001928.npy,0.0062257526,22.058081246854986,0.6747114207981285,0.30430302023887634,21.91729997866787
001929.npy,0.0036447041,24.383376821771577,0.6878645482165884,0.3209820091724396,21.968800021568313
001930.npy,0.0036051986,24.43070803651464,0.6927884802650064,0.3117108941078186,20.347899990156293
001931.npy,0.0035171052,24.53814634245271,0.6947148370629214,0.3066589832305908,20.348799997009337
001932.npy,0.0012607652,28.99365742428749,0.824683382047236,0.25869813561439514,20.316799986176193
001933.npy,0.0014997404,28.239839048270703,0.45998007323088497,0.6249521374702454,20.404099981533363
001934.npy,0.001468681,28.33072507521426,0.44406846883404255,0.683070182800293,20.401300018420443
001935.npy,0.0010936246,29.61131740453287,0.5082450907056332,0.6498388051986694,20.356599998194724
001936.npy,0.0018206203,27.39780618115036,0.7106688384040519,0.37506288290023804,20.389300014358014
001937.npy,0.0027613118,25.588845420816956,0.3101257826962471,0.8400987982749939,20.365400006994605
001938.npy,0.0022633413,26.452499285394033,0.357063135216439,0.8191021084785461,19.987599982414395
001939.npy,0.0020888732,26.800879129338526,0.3618698894621134,0.8066674470901489,20.083800016436726
001940.npy,0.0029465526,25.30685817296328,0.8098800341805815,0.28825071454048157,20.101699978113174
001941.npy,0.004590866,23.381054021699548,0.711522526038967,0.2709977328777313,20.09360000374727
001942.npy,0.003658159,24.36737440744208,0.7518703581637144,0.23224815726280212,19.980499986559153
001943.npy,0.0038468947,24.14889693608781,0.7487316467100232,0.22991026937961578,19.833099999232218
001944.npy,0.0020473779,26.888019744020404,0.7302904732867368,0.2919333577156067,19.838800013531
001945.npy,0.0027846973,25.552219769318633,0.7730391572357838,0.2246733009815216,19.913199997972697
001946.npy,0.002414195,26.17227646882506,0.8004228636807408,0.21712371706962585,19.88340000389144
001947.npy,0.0029945471,25.23668860540202,0.7819010076024905,0.22576364874839783,20.068899990292266
001948.npy,0.0034635784,24.60474960360645,0.6654352023571357,0.3754590153694153,19.901599996956065
001949.npy,0.001604344,27.947025271826767,0.8640322748131156,0.1770712435245514,19.863299996359274
001950.npy,0.0016414485,27.847727402741572,0.8678118833056614,0.1707105040550232,19.783199997618794
001951.npy,0.0016506219,27.823524201449985,0.8751729269476831,0.1561596840620041,19.895500008715317
001952.npy,0.006711886,21.73155445113104,0.6567913388165944,0.32451197504997253,19.918000005418435
001953.npy,0.00024800512,36.055393749409035,0.9397805622200965,0.09269409626722336,19.93640000000596
001954.npy,0.00024814717,36.05290699122888,0.9441719274091721,0.09984078258275986,19.912299991119653
001955.npy,0.00043751745,33.5900460823897,0.9383921131571987,0.1038530170917511,19.9012000230141
001956.npy,0.0062812767,22.01952068479711,0.6294144950885254,0.3198339641094208,19.956900010583922
001957.npy,0.000986958,30.057013022171226,0.5950842351572514,0.5786944627761841,19.908999995095655
001958.npy,0.0008785307,30.56243038290908,0.614161426602602,0.5317631959915161,19.9527999793645
001959.npy,0.00088198535,30.54538647480979,0.6053581956844329,0.6027225852012634,19.923499989090487
001960.npy,0.000703624,31.526593745103625,0.8148573181762845,0.20620563626289368,19.973999995272607
001961.npy,0.0006095007,32.1502579213871,0.9180968116925955,0.10989154875278473,19.94379999814555
001962.npy,0.0007055813,31.514529262456,0.9212155178664923,0.09596940129995346,19.827700016321614
001963.npy,0.0005292704,32.76322412700844,0.9146967419369817,0.12928573787212372,19.880599982570857
001964.npy,0.0045751426,23.395953520496334,0.6203131517663836,0.4323723614215851,19.787400000495836
001965.npy,0.0022358,26.50567039561407,0.7496668745194953,0.2960668206214905,21.11120001063682
001966.npy,0.0018593265,27.306443465720093,0.7549461972866496,0.32564297318458557,21.02399998693727
001967.npy,0.0019918303,27.00747618854717,0.7575322035797462,0.3180222511291504,21.23020001454279
001968.npy,0.0003408033,34.674961996050754,0.8820591354265213,0.3634074926376343,21.24319999711588
001969.npy,0.00119455,29.227956897657972,0.5691156724321842,0.5817221999168396,21.351000003051013
001970.npy,0.0012295496,29.102539209095987,0.5712295504851341,0.5181789398193359,21.235100022749975
001971.npy,0.0011671169,29.32885634430997,0.575444662001133,0.5580692291259766,21.28640000591986
001972.npy,0.00887207,20.51975029226577,0.778416731458188,0.24216513335704803,21.230700018350035
001973.npy,0.0051723435,22.86312644879624,0.8790213418530701,0.1584748923778534,21.51419999427162
001974.npy,0.004760695,23.223296447077576,0.8716262957020451,0.15246912837028503,21.471099986229092
001975.npy,0.00371819,24.296684189513908,0.8911666284502446,0.15814714133739471,21.448699990287423
001976.npy,0.011074131,19.5569030944677,0.7626416707043785,0.12283527851104736,21.81809998000972
001977.npy,0.00680185,21.67372927978913,0.1742684434724599,1.0170295238494873,21.742999990237877
001978.npy,0.006360676,21.96496700385503,0.18936501712055412,1.0000739097595215,20.366499986266717
001979.npy,0.007084474,21.49692411389649,0.21556132279678175,0.891381025314331,20.36339999176562
001980.npy,0.0012344839,29.085145611155397,0.8817443148775325,0.1173279732465744,20.387199998367578
001981.npy,0.0033361483,24.767546444340418,0.817725369659598,0.1615709513425827,20.356900000479072
001982.npy,0.00243234,26.13975724617436,0.8555578365303986,0.18984177708625793,20.36170000792481
001983.npy,0.0030928762,25.09637501583676,0.8186259076793772,0.15673667192459106,20.43000000412576
001984.npy,0.00075280643,31.233166796538864,0.8135705584296733,0.209376722574234,20.39739998872392
001985.npy,0.0007102024,31.486178637760645,0.7886303348888158,0.2382490634918213,20.583000004990026
001986.npy,0.0006254625,32.037987074911875,0.8090254674754143,0.27611440420150757,19.94220001506619
001987.npy,0.00073930935,31.311737780082872,0.7772410293309688,0.2681579887866974,19.756499998038635
001988.npy,0.00047730358,33.21205299955214,0.9593387599616051,0.08154894411563873,19.932800001697615
001989.npy,0.00033523035,34.74656699962714,0.9237488437802791,0.22894543409347534,19.84910000464879
001990.npy,0.00047946954,33.192389859845576,0.8892276290164292,0.3275904655456543,19.892500014975667
001991.npy,0.0003197115,34.95241773181704,0.9236470958614349,0.24530650675296783,19.944899977417663
001992.npy,0.00029649792,35.279783462815125,0.9629854841269254,0.11026938259601593,19.956100004492328
001993.npy,0.0038410388,24.155512821697883,0.670949703787839,0.3474277853965759,19.866099988576025
001994.npy,0.00345296,24.618084738568726,0.696647901277177,0.3118674159049988,19.870200019795448
001995.npy,0.003912642,24.075298727179923,0.6752239237884432,0.33375388383865356,19.906200002878904
001996.npy,0.002085947,26.80696772177294,0.8736040551275834,0.12071482837200165,20.32920002238825
001997.npy,0.00091684365,30.37704697664961,0.752975721224308,0.32860416173934937,20.035299996379763
001998.npy,0.00097053644,30.129881543724842,0.7917461102135182,0.27810102701187134,19.92469999822788
001999.npy,0.0009574453,30.188860162764414,0.7715008334083557,0.2894624173641205,19.86530001158826
002000.npy,0.005636294,22.490063454928627,0.7146747848160616,0.29026156663894653,19.842500012600794
002001.npy,0.0014073004,28.516132108326392,0.4916164082262516,0.642964243888855,19.649599998956546
002002.npy,0.0011863906,29.257722390348352,0.531007359966755,0.5763309001922607,19.620499981101602
002003.npy,0.0011506579,29.39053812192766,0.5322336893701554,0.6076275110244751,19.71559997764416
002004.npy,0.0007479908,31.2610375053597,0.6420223267712593,0.5419880747795105,19.736899994313717
002005.npy,0.0025763714,25.889915394116237,0.829897987447977,0.12619103491306305,19.72300000488758
002006.npy,0.0034069305,24.676367343202443,0.8042051715949178,0.138316810131073,19.839200016576797
002007.npy,0.0025058012,26.010534070440663,0.8325054475392103,0.12618255615234375,19.849500007694587
002008.npy,0.0027198112,25.65461259695582,0.7122261468685218,0.36837705969810486,19.84910000464879
002009.npy,0.0010603839,29.745368912472582,0.744077991343027,0.3081101179122925,19.7366000211332
002010.npy,0.00085061666,30.702661025420053,0.7118100770855993,0.4087665379047394,19.721199991181493
002011.npy,0.00082947116,30.81198698249804,0.6935823776628971,0.39719074964523315,19.7426000086125
002012.npy,0.0019362422,27.130402874557884,0.8205389226316213,0.1932927370071411,19.78979998966679
002013.npy,0.00077898445,31.084712010419064,0.8876472556689307,0.10304679721593857,19.735700014280155
002014.npy,0.00073238445,31.352608781476793,0.8973933915772438,0.09491290152072906,19.736900023417547
002015.npy,0.0006307042,32.001742645668436,0.9100744783608914,0.0843348577618599,19.787299999734387
002016.npy,0.0008388626,30.76309157113547,0.8110663785944581,0.26664310693740845,19.727300008526072
002017.npy,0.0036403686,24.3885463555446,0.7328313968863652,0.30529916286468506,19.736800022656098
002018.npy,0.004189645,23.778227900530922,0.7127486238022505,0.3296697437763214,19.7172999905888
002019.npy,0.0040096156,23.968972872563434,0.707454326960986,0.3157188594341278,19.770099985180423
002020.npy,0.0011529345,29.38195374512146,0.9038283119652272,0.13619102537631989,19.808399985777214
002021.npy,0.0023923805,26.211697346837806,0.6838640283741383,0.3007102608680725,20.211499999277294
002022.npy,0.0023834314,26.227973405567894,0.6581228973256936,0.3443533480167389,20.204300002660602
002023.npy,0.00223922,26.499032289914,0.7009942249420061,0.31619834899902344,20.20040000206791
002024.npy,0.009268414,20.329945424950733,0.6945321535351686,0.2545459568500519,20.068799989530817
002025.npy,0.0016014968,27.9547388731325,0.7734509576207231,0.4329308569431305,20.08320001186803
002026.npy,0.0017772006,27.502635107429075,0.7606604070144072,0.3936552405357361,20.965199975762516
002027.npy,0.0019702855,27.05470825166845,0.7589741045446508,0.36536484956741333,20.061500021256506
002028.npy,0.0077176606,21.125143416469587,0.5797657419936323,0.40755313634872437,20.04760000272654
002029.npy,0.0014174785,28.48483537932495,0.7172950580252819,0.38405704498291016,23.572000005515292
002030.npy,0.00143038,28.44548550880527,0.7317156682871878,0.37586015462875366,19.961899990448728
002031.npy,0.0011097973,29.547562915078277,0.7522968244133592,0.41774535179138184,20.62230001320131
002032.npy,0.0047263913,23.254703133593676,0.6311765663273968,0.3085961937904358,20.043700002133846
002033.npy,0.0018266012,27.383562507682747,0.7582658649633378,0.23091274499893188,20.051100000273436
002034.npy,0.0019952592,27.000007086180695,0.7565097838626504,0.2160680890083313,19.92319998680614
002035.npy,0.0018757322,27.26829156838081,0.7587914751199,0.23122137784957886,20.02840000204742
002036.npy,0.0002888296,35.39358333223194,0.8774198587255478,0.27341222763061523,20.293000008678064
002037.npy,0.001535231,28.138262436868928,0.46041007081627844,0.6678782105445862,20.108800003072247
002038.npy,0.0028746186,25.41419754754768,0.35911773354488424,0.6729837656021118,20.037499984027818
002039.npy,0.0017522541,27.56402921455168,0.44473392629869657,0.6276428699493408,20.038399990880862
002040.npy,0.009420176,20.259410179040298,0.569526674953484,0.3768516182899475,20.147700008237734
002041.npy,0.017849736,17.483682166434292,0.4790501940717428,0.4384884536266327,19.753400003537536
002042.npy,0.016608868,17.796599720357225,0.463728409596445,0.4834136962890625,19.742999982554466
002043.npy,0.017705694,17.51887003157725,0.4751191818941665,0.4483262300491333,19.76289998856373
002044.npy,0.003554901,24.49172461333879,0.8042810194292161,0.27687084674835205,19.766600016737357
002045.npy,0.0043966817,23.568749992984458,0.7796642172033525,0.19566306471824646,19.803899980615824
002046.npy,0.0045965267,23.37570189020701,0.7735764328681975,0.21576771140098572,19.82970000244677
002047.npy,0.004068565,23.90558743865144,0.7686329012226966,0.35199129581451416,19.809899997198954
002048.npy,0.0014915429,28.263642613613893,0.8746495523000956,0.14710642397403717,19.716600014362484
002049.npy,0.0004515289,33.453144430487704,0.88347024497056,0.1459653377532959,19.772899977397174
002050.npy,0.00036066904,34.42891124508784,0.8994087775416374,0.16518324613571167,19.714699999894947
002051.npy,0.00043871728,33.57815260059373,0.886693430049181,0.14988501369953156,19.823100010398775
002052.npy,0.0027597332,25.591329000784498,0.8574537052591722,0.1603289544582367,19.716899987543
002053.npy,0.0028860988,25.396887890808856,0.7630530166869024,0.2871468663215637,19.788800011156127
002054.npy,0.002899863,25.37622530131193,0.7783338825362269,0.28061625361442566,19.76439999998547
002055.npy,0.0028148007,25.505523496221652,0.780661459071355,0.2952655851840973,19.72769998246804
002056.npy,0.0008680589,30.61450779752237,0.9047882275412082,0.11024162918329239,19.789199985098094
002057.npy,0.0010737167,29.691102936663217,0.8860473471232057,0.09578776359558105,19.69659997848794
002058.npy,0.0011234016,29.494649983608205,0.8724643454628289,0.10938005894422531,19.71870000124909
002059.npy,0.00088537176,30.528743318079513,0.8960933861201853,0.09112121164798737,19.732500019017607
002060.npy,0.0038920608,24.098203839027313,0.842783555801995,0.18948854506015778,19.660599995404482
002061.npy,0.0012622928,28.988398705167008,0.7193040366899968,0.27061721682548523,19.849799980875105
002062.npy,0.0015173306,28.189197841200524,0.7016198004895243,0.2454996407032013,19.747899990761653
002063.npy,0.0013043146,28.84617655137715,0.7183837632924691,0.2665279507637024,21.48789999773726
002064.npy,0.0018862942,27.243905754004967,0.41761705504199864,0.7232785820960999,21.304499998223037
002065.npy,0.004279507,23.68606270976386,0.6953938988160351,0.2784009277820587,21.811800019349903
002066.npy,0.004573528,23.3974862661473,0.6783207703317012,0.2584607005119324,22.425999981351197
002067.npy,0.0041326107,23.837754669088604,0.7151409660908096,0.2721400558948517,22.453100013080984
002068.npy,0.0031223367,25.055202902336546,0.7015243681387007,0.2773365378379822,22.412999998778105
002069.npy,0.00024092439,36.18119228583954,0.9263168714051246,0.08404359221458435,20.39010002044961
002070.npy,0.00021566573,36.662188626519445,0.9289670034303665,0.0923054963350296,20.400599983986467
002071.npy,0.00021963651,36.58295487173091,0.9214092138333321,0.08354008197784424,20.447199989575893
002072.npy,0.007853516,21.049358661003247,0.6604140570251259,0.31661149859428406,20.409099990502
002073.npy,0.011119356,19.539203435345016,0.7052552448926708,0.2510373294353485,20.533100003376603
002074.npy,0.010486909,19.793524979166996,0.7120745917392588,0.24111196398735046,20.068699988769367
002075.npy,0.011635733,19.342062640264043,0.7139815471262857,0.2604120075702667,19.92920000338927
002076.npy,0.0019574875,27.083010156205404,0.6943511516985872,0.3175886273384094,20.362200011732057
002077.npy,0.0022584992,26.461800866391506,0.886517558308199,0.09642951935529709,20.05640001152642
002078.npy,0.0022529014,26.472578015049827,0.8900065973643773,0.0996609702706337,20.036800007801503
002079.npy,0.0027703429,25.574664485448952,0.8673216715007425,0.09904999285936356,20.16620000358671
002080.npy,0.00512482,22.903213876422733,0.7506240384950936,0.31125181913375854,20.15409999876283
002081.npy,0.0009600311,30.177147210986597,0.5672632876918315,0.614994466304779,20.122299989452586
002082.npy,0.0011192057,29.510900806950566,0.5374378660040898,0.6526684165000916,19.988799991551787
002083.npy,0.00089701044,30.47202504942595,0.5760106315279007,0.6163769960403442,19.987999985460192
002084.npy,0.00086909905,30.60930711712966,0.8268589177416563,0.19201695919036865,19.969400018453598
002085.npy,0.002126433,26.723483102542595,0.5821335177703388,0.3388863503932953,20.03739998326637
002086.npy,0.0020469953,26.888831693950625,0.5993093373940066,0.3823910653591156,19.981299992650747
002087.npy,0.0020448228,26.89344328026565,0.5981004972964749,0.3869476020336151,20.12889998150058
002088.npy,0.0030634133,25.137943652344976,0.7173924695430528,0.31824159622192383,19.975900009740144
002089.npy,0.00036279773,34.40335427632411,0.8500466920604706,0.26005303859710693,20.14969999436289
002090.npy,0.0006085255,32.157212405505206,0.7833395945634842,0.33530932664871216,20.005200000014156
002091.npy,0.0002876931,35.410705188840986,0.8593562629680633,0.268625944852829,19.940400001360103
002092.npy,0.004732444,23.249145244305687,0.7544445133464471,0.25603893399238586,20.112500002142042
002093.npy,0.0008645571,30.632063243845316,0.8949869892417789,0.10680195689201355,20.058399997651577
002094.npy,0.0010322294,29.86223759498412,0.8753831829204773,0.12174363434314728,20.051500003319234
002095.npy,0.0010484324,29.79459580505989,0.8783590085393749,0.14191225171089172,20.039199996972457
002096.npy,0.0020508545,26.88065142945936,0.7827100732181073,0.19694989919662476,20.038200018461794
002097.npy,0.0009396028,30.270557221504966,0.662536705101192,0.47607240080833435,19.999799987999722
002098.npy,0.0008638197,30.635769270663214,0.6795935432808399,0.5269731879234314,19.94090000516735
002099.npy,0.0009837493,30.071155348118893,0.6461616923510581,0.47324004769325256,20.135500002652407
002100.npy,0.001143493,29.417664666608548,0.5187897351973056,0.6227094531059265,20.055800006957725
002101.npy,0.0011672745,29.328269815451957,0.8363215104437685,0.12209000438451767,20.13819999410771
002102.npy,0.0011301446,29.468660291261717,0.8453018641218693,0.11787340044975281,20.150600001215935
002103.npy,0.0013135144,28.815651821684177,0.8226600374643244,0.13193681836128235,20.113400008995086
002104.npy,0.0005961961,32.2461086305405,0.8924223154453188,0.18453064560890198,20.064500014996156
002105.npy,0.00059219677,32.27533948377949,0.7838764820721745,0.5511935353279114,20.144499983871356
002106.npy,0.000900629,30.454540665740623,0.6321156951229572,0.6304218769073486,20.178500009933487
002107.npy,0.0010197922,29.914883703239262,0.6125202684254646,0.6210507154464722,20.013900008052588
002108.npy,0.0017508899,27.567411307132616,0.41837495143405723,0.7247061729431152,20.186200010357425
002109.npy,0.002072771,26.834486405800785,0.8272118043170236,0.2127002477645874,21.074000018415973
002110.npy,0.0022935555,26.39490715945329,0.8133106524307933,0.20875659584999084,21.072600007755682
002111.npy,0.0019374525,27.127689822209526,0.8341170667910874,0.2129957675933838,21.282299974700436
002112.npy,0.0014733801,28.31685198091958,0.8812565420345292,0.08937153965234756,21.25940000405535
002113.npy,0.0015481544,28.101857431511842,0.7829908232309744,0.20091642439365387,21.277699997881427
002114.npy,0.0011498163,29.393714971386657,0.8247545237191803,0.1854669749736786,21.511900005862117
002115.npy,0.0013445467,28.714240870217406,0.8113639416991416,0.18684713542461395,21.466700010932982
002116.npy,0.0006691603,31.74469862071629,0.8677162358668074,0.29104331135749817,21.42259999527596
002117.npy,0.007828423,21.063257342743395,0.5730662730741426,0.4035426378250122,21.48639998631552
002118.npy,0.008450941,20.730949414065698,0.5705859330834965,0.3608473241329193,21.495799999684095
002119.npy,0.009072788,20.42259203826545,0.5780697891583855,0.3887466788291931,20.33520000986755
002120.npy,0.0018598282,27.305271687604446,0.8464003430771232,0.23919150233268738,20.304700010456145
002121.npy,0.0015876307,27.992504981339422,0.7356061712261932,0.24762746691703796,20.22710000164807
002122.npy,0.0012806853,28.92557583981667,0.7564258716152906,0.2894865870475769,20.40740000666119
002123.npy,0.0013257515,28.775378653835062,0.7371308989920616,0.3062081038951874,20.444299996597692
002124.npy,0.010098315,19.957510978788154,0.7246118907240778,0.2670329213142395,20.353100000647828
002125.npy,0.008735104,20.587319020044653,0.7491706171488427,0.23497433960437775,20.60889999847859
002126.npy,0.008844821,20.533109892090458,0.7597899596285559,0.21309104561805725,20.323500008089468
002127.npy,0.010381753,19.837293319135856,0.744444944509767,0.21894961595535278,20.365800010040402
002128.npy,0.005051758,22.9655745556753,0.7198671240205001,0.2745579779148102,20.38240002002567
002129.npy,0.0007402104,31.306447916043112,0.927875573820021,0.12280594557523727,20.423299982212484
002130.npy,0.00062375376,32.04986795390906,0.9410045765657634,0.11572809517383575,20.42980000260286
002131.npy,0.00075325056,31.230605270084308,0.9135523805512432,0.16661879420280457,20.65210000728257
002132.npy,0.0020759997,26.827726876086842,0.7983847957457801,0.2285982221364975,20.19599999766797
002133.npy,0.006341631,21.97799009547131,0.6441012279489515,0.2677832245826721,20.459100021980703
002134.npy,0.005968998,22.240985439964092,0.6803882570750565,0.30102860927581787,20.224299980327487
002135.npy,0.0054313266,22.65094092974225,0.664371108276017,0.32835710048675537,19.94239998748526
002136.npy,0.006144683,22.115005407844098,0.6792469039482004,0.26144087314605713,19.93059998494573
002137.npy,0.0019000908,27.2122562933638,0.8133897715025918,0.14607331156730652,19.95280000846833
002138.npy,0.0019440007,27.113035916198402,0.8121686242945474,0.147030308842659,19.95849999366328
002139.npy,0.0017142995,27.65913291821828,0.8244889078917633,0.14572153985500336,19.88470001379028
002140.npy,0.0013689441,28.636142862410892,0.7797684832107891,0.2601843476295471,19.90819998900406
002141.npy,0.000285696,35.440958257569136,0.9505683502047062,0.17965155839920044,19.305900001199916
002142.npy,0.0003029681,35.18603089015155,0.908260034417808,0.33215802907943726,19.45639998302795
002143.npy,0.0013485653,28.701280151268698,0.5305847694107853,0.5479757189750671,19.393700000364333
002144.npy,0.0014209404,28.474241150204872,0.8687196978321927,0.16884885728359222,19.355399999767542
002145.npy,0.006206017,22.071870283135553,0.5918075303482333,0.3315517008304596,19.35990000492893
002146.npy,0.004715953,23.264305372223216,0.608689945054695,0.34324172139167786,19.32469999883324
002147.npy,0.005539958,22.5649353652017,0.6032536536660613,0.3366957902908325,19.374099996639416
002148.npy,0.0003580012,34.46115534618397,0.9313717449965477,0.08898726850748062,19.341999985044822
002149.npy,0.0003406601,34.67678715339045,0.8932427588489056,0.13763710856437683,19.605300010880455
002150.npy,0.00029888863,35.24490594499835,0.909957861847639,0.1326378732919693,19.459699979051948
002151.npy,0.00036985864,34.31964226933208,0.8868303246027828,0.16591250896453857,19.42219998454675
002152.npy,0.003531835,24.51999583063719,0.7364910946776769,0.2838791608810425,19.479100010357797
002153.npy,0.0030899968,25.100420070857908,0.2869626913967729,0.8221861124038696,19.47689999360591
002154.npy,0.0030969023,25.090725123048443,0.2845663523257971,0.8196101784706116,19.495499989716336
002155.npy,0.0026941535,25.69577668687666,0.30663180275928975,0.8509567379951477,19.531500001903623
002156.npy,0.0027638942,25.584785995973448,0.798827462143519,0.15591630339622498,19.49619999504648
002157.npy,0.0011745486,29.301289788233518,0.7308453327156939,0.31338921189308167,19.421700009843335
002158.npy,0.0017860928,27.480959950859326,0.6087511541165039,0.4522005021572113,19.5499999972526
002159.npy,0.0012641094,28.98215329540359,0.678773020787768,0.3692179024219513,19.674400013173
002160.npy,0.0024993527,26.021724945553718,0.7683730810919293,0.3209332823753357,19.380400015506893
002161.npy,0.004881954,23.114063572660957,0.648160734447319,0.3327018916606903,19.307299982756376
002162.npy,0.0044010775,23.5644101262259,0.6625002630599834,0.3524181842803955,19.596800004364923
002163.npy,0.0045973435,23.37493068402872,0.6688271197649664,0.33796852827072144,19.69190000090748
002164.npy,0.0042515188,23.71455908157516,0.7618715287875971,0.23917382955551147,19.605099980253726
002165.npy,0.0007337837,31.344319790816783,0.8156562652159799,0.29940083622932434,19.769400008954108
002166.npy,0.00058810355,32.30546207998168,0.8462209070513844,0.3534242808818817,19.912299991119653
002167.npy,0.0006435646,31.914078196535193,0.8304043107566833,0.2821097671985626,19.988599990028888
002168.npy,0.0007305134,31.36371799230333,0.8131836372587085,0.3441314995288849,20.036700007040054
002169.npy,0.0014300047,28.446625291285166,0.871476630493761,0.1445951908826828,20.14959999360144
002170.npy,0.00080411776,30.946803751745637,0.922822072247684,0.08529804646968842,24.134200008120388
002171.npy,0.0008836994,30.5369542795609,0.9203973412642404,0.08892612159252167,20.18680001492612
002172.npy,0.0023170882,26.350574454046924,0.7769207059221491,0.2980075180530548,20.455499994568527
002173.npy,0.003164464,24.996998537256946,0.8871042075128146,0.1401071846485138,20.44010002282448
002174.npy,0.0031730912,24.985174592190088,0.8825832123399079,0.11830288916826248,20.443799992790446
002175.npy,0.0026482493,25.77041159358892,0.8857080756774568,0.12875151634216309,20.72460000636056
002176.npy,0.0008934645,30.489227119457112,0.913209744015485,0.07661759108304977,20.76489999308251
002177.npy,0.0018764652,27.266594799897664,0.6056444462600946,0.46598365902900696,20.971299993107095
002178.npy,0.0019465842,27.107268228529406,0.6022851634917781,0.4900851249694824,20.93520000926219
002179.npy,0.0019143589,27.179766651079152,0.5967862821714878,0.4660986363887787,20.925799995893613
002180.npy,0.003844766,24.15130079127165,0.7106925596393896,0.27740156650543213,20.80019999993965
002181.npy,0.0011730827,29.30671362970166,0.8485166342425943,0.15616202354431152,20.903199998429045
002182.npy,0.001358446,28.669576465509788,0.8402768012668332,0.12787926197052002,21.01969998329878
002183.npy,0.0013145194,28.812330070833415,0.8392804981119633,0.15784886479377747,20.940300018992275
002184.npy,0.0037936154,24.209467051508746,0.8124674718723595,0.22438322007656097,20.85649999207817
002185.npy,0.00060720963,32.16661368074365,0.8979550112527683,0.17787303030490875,21.17970000836067
002186.npy,0.0006637413,31.780011365595733,0.8902007943899035,0.17957966029644012,21.21479998459108
002187.npy,0.00066850864,31.748929809057422,0.8952370961828232,0.18106259405612946,21.22249998501502
002188.npy,0.0051846243,22.852827180729044,0.6981643753222655,0.24307383596897125,20.18230000976473
002189.npy,0.0033754974,24.716622416631495,0.788280748473012,0.23257485032081604,20.178800012217835
002190.npy,0.0041810796,23.787115752017606,0.7554746665093784,0.28432151675224304,20.16899999580346
002191.npy,0.0029272041,25.335470289968182,0.815163944078438,0.23938821256160736,20.613899978343397
002192.npy,0.0010007501,29.996743811093125,0.6920913492517918,0.45988622307777405,20.253800001228228
002193.npy,0.00058966404,32.29395355488567,0.7284658769454956,0.44011515378952026,20.19879998988472
002194.npy,0.000503458,32.980367312104896,0.7369302356743812,0.44932129979133606,20.15140000730753
002195.npy,0.0005587331,32.52795618848516,0.7292875268235207,0.4358205497264862,20.2757999941241
002196.npy,0.00400839,23.97030054918231,0.8352873691058457,0.1237410455942154,20.061499992152676
002197.npy,0.00044007067,33.56477565478556,0.8886447582225799,0.11298150569200516,20.37960002780892
002198.npy,0.00057267037,32.4209524962249,0.8672576920142174,0.1285545825958252,20.189100003335625
002199.npy,0.0003971436,34.010524184939115,0.8943759703065306,0.11662928014993668,20.237599994288757
002200.npy,0.0034636213,24.60469607911123,0.6513978734516036,0.3926287293434143,20.17810000688769
002201.npy,0.0023400283,26.307789073858018,0.7905139544247538,0.22236737608909607,20.030899991979823
002202.npy,0.0024293025,26.145183880698436,0.7851790753444433,0.22510583698749542,20.060000009834766
002203.npy,0.0023196167,26.34583745783437,0.7899878326912224,0.22790579497814178,20.09519998682663
002204.npy,0.011212878,19.50282913262273,0.8852604053655658,0.11050079017877579,20.15419999952428
002205.npy,0.007886801,21.03099114521398,0.8537816555451602,0.1626105159521103,20.15870000468567
002206.npy,0.008158732,20.88377327904707,0.8548090841599889,0.1541304588317871,20.229199988534674
002207.npy,0.007882333,21.033452023195593,0.8576748692464586,0.17189660668373108,20.092699996894225
002208.npy,0.006139426,22.11872216129661,0.4905767887007864,0.4829486310482025,20.036900008562952
002209.npy,0.003744584,24.265964093838047,0.660888597175835,0.2593517005443573,20.346299977973104
002210.npy,0.0032691043,24.85571243528012,0.6819746701957434,0.27159345149993896,20.425900002010167
002211.npy,0.003532983,24.518584627830297,0.6655617329646891,0.2487470507621765,20.41369999642484
002212.npy,0.003748254,24.261710080555446,0.3545604094113372,0.7749483585357666,20.55149999796413
002213.npy,0.00036997767,34.31824461946574,0.8541668460240364,0.21194644272327423,20.639399997889996
002214.npy,0.00043047132,33.66055764637233,0.8487447481780053,0.22832676768302917,20.713999983854592
002215.npy,0.0004347312,33.61779189600279,0.8485983632225991,0.23440930247306824,20.80159998149611
002216.npy,0.000895698,30.478383764272422,0.8792240289564133,0.16987332701683044,20.701700006611645
002217.npy,0.00014270659,38.45555960107461,0.9145846332645416,0.09904996305704117,20.054199994774535
002218.npy,0.00018757052,37.26835410513083,0.9049721868047714,0.11541154235601425,20.11120002134703
002219.npy,0.00024811763,36.053423440603055,0.8979658652076721,0.13095776736736298,20.072300016181543
002220.npy,0.00065559417,31.833649130475877,0.768539818680048,0.3880884349346161,20.046399993589148
002221.npy,0.00022677422,36.44406328950981,0.9188101636123657,0.2027396708726883,20.083599985809997
002222.npy,0.00025914185,35.864624212340736,0.914828409219265,0.1952907294034958,20.113100006710738
002223.npy,0.00020869197,36.80494267506148,0.9253375309438705,0.1885668784379959,20.11579999816604
002224.npy,4.1738425e-05,43.794639479859256,0.9641408866767883,0.05208651348948479,20.061199989868328
002225.npy,6.478766e-05,41.885077120231344,0.957800511551857,0.12151028960943222,19.926900014979765
002226.npy,6.363451e-05,41.9630727220986,0.9591173756637573,0.10585293918848038,19.90549999754876
002227.npy,6.2432155e-05,42.045916614995434,0.961555974668026,0.1153181940317154,19.92479999898933
002228.npy,0.006173296,22.094828856064144,0.7766892646659017,0.16595378518104553,19.785900018177927
002229.npy,0.00064086425,31.932339669107925,0.8461264555898201,0.3237000107765198,19.744699995499104
002230.npy,0.0005742527,32.408969303035626,0.853469204508245,0.3302237391471863,19.792199978837743
002231.npy,0.00072617776,31.389570601662303,0.824534755944848,0.35970476269721985,19.772799976635724
002232.npy,0.00096470036,30.15607564055629,0.7877878159829862,0.2044111043214798,19.986500003142282
002233.npy,0.0016187548,27.90818945995584,0.7533805036811531,0.2994955778121948,19.74089999566786
002234.npy,0.0017178877,27.650052493302333,0.7490369389523523,0.31950029730796814,19.802099996013567
002235.npy,0.0018079942,27.428029715136567,0.7390904803191367,0.3278225064277649,19.763799995416775
002236.npy,0.0060028974,22.216390600922693,0.7880787334384173,0.18930105865001678,19.837900006677955
002237.npy,0.0041609528,23.808072070356133,0.7972623382669952,0.23596620559692383,19.844099995680153
002238.npy,0.004880991,23.11492005200823,0.7767661728470177,0.24270063638687134,19.76779999677092
002239.npy,0.005071045,22.94902518471239,0.7783828761231862,0.23437729477882385,19.756099994992837
002240.npy,0.0005298328,32.75861182994624,0.8275365903360545,0.28959229588508606,19.891599979018793
002241.npy,0.0021437246,26.688310209815867,0.38138864114147425,0.746259868144989,19.793399987975135
002242.npy,0.0021076058,26.762106397208715,0.39423455098792165,0.709196925163269,19.7764000040479
002243.npy,0.0022024803,26.570879615983294,0.3913917561210394,0.724890947341919,19.747500016819686
002244.npy,0.008021769,20.957298507665115,0.873728630352341,0.1816452592611313,19.79260001098737
002245.npy,0.00042559294,33.71005597990987,0.8290109533307553,0.2740460932254791,19.870899996021762
002246.npy,0.00065901683,31.811035200400504,0.8188272243192196,0.2747615873813629,19.78089998010546
002247.npy,0.0005820764,32.35020056579432,0.7903834814333915,0.3035200834274292,19.977099989773706
002248.npy,0.005461338,22.627009222439906,0.7814216181969429,0.2542773187160492,19.748699996853247
002249.npy,0.0012102337,29.171307554999387,0.8774447737415908,0.16258719563484192,19.748599996091798
002250.npy,0.0014091749,28.51035079692715,0.8669426883627158,0.1408575475215912,19.76180000929162
002251.npy,0.0015144688,28.19739671299089,0.8524823362453953,0.1601485162973404,19.788700010394678
002252.npy,0.0041242396,23.846561350144245,0.6498325229901196,0.3298608362674713,19.880600011674687
002253.npy,0.0019000801,27.212281129016876,0.5727875252149589,0.454937607049942,20.073799998499453
002254.npy,0.0021001357,26.777526313973592,0.5763156999081391,0.398661345243454,20.103199989534914
002255.npy,0.0020119958,26.963729232432236,0.5733372920904457,0.42541229724884033,20.216800010530278
002256.npy,0.0029739721,25.266630947438486,0.598893831070358,0.3904159665107727,20.246800006134436
002257.npy,0.008867224,20.52212326467746,0.8409307542474866,0.18384131789207458,20.236600015778095
002258.npy,0.007869853,21.040334397066122,0.8439568937407136,0.20527449250221252,20.071699982509017
002259.npy,0.008590063,20.66003667554259,0.8464731788733602,0.19572028517723083,19.991800014395267
002260.npy,0.007072879,21.504037297193857,0.7296111945318356,0.2472463846206665,19.939100020565093
002261.npy,0.000727015,31.384566161777094,0.844461830043137,0.2174491584300995,19.89950001006946
002262.npy,0.0007443597,31.282171380078687,0.817011528520763,0.30791953206062317,19.92479999898933
002263.npy,0.00058044813,32.362365721322014,0.8620817236173153,0.1784839779138565,19.89930000854656
002264.npy,0.005576919,22.536056855590843,0.9070304205828393,0.11632503569126129,20.703199988929555
002265.npy,0.0022648536,26.449598501916988,0.8890214042179174,0.17225101590156555,19.987999985460192
002266.npy,0.0021230234,26.730452038649027,0.886876029392577,0.1446903645992279,19.877899991115555
002267.npy,0.0020758598,26.828019942332205,0.8982506872541868,0.1599266529083252,20.847899984801188
002268.npy,0.0019027058,27.206283811565136,0.8570728707257453,0.1548786461353302,19.91579998866655
002269.npy,0.0004369079,33.596101164161645,0.8871961165800094,0.1792231798171997,19.994999980553985
002270.npy,0.00037673232,34.23967100084738,0.8858171406395435,0.18912175297737122,19.953699986217543
002271.npy,0.0004408437,33.557153298337596,0.8768555918910503,0.16794909536838531,19.99699999578297
002272.npy,0.0010645682,29.728265408173474,0.9132724949924946,0.087853342294693,19.92890000110492
002273.npy,0.00018547595,37.31712402660277,0.9400719693870544,0.1351996660232544,19.914599979529157
002274.npy,0.0001705151,37.682371621643675,0.9367820679305792,0.12495791912078857,19.98520002234727
002275.npy,0.00017911474,37.4686866519674,0.9432788210666925,0.12984459102153778,19.885599991539493
002276.npy,0.00056006113,32.517645695852295,0.8209447588164807,0.23257935047149658,19.942799990531057
002277.npy,0.0017628642,27.537811497409127,0.4497268804919329,0.6551325917243958,19.971900008386
002278.npy,0.0012460591,29.044613477432804,0.505174172462225,0.6020902991294861,19.99110000906512
002279.npy,0.0011365181,29.44423662647273,0.5275339465150833,0.5760869383811951,19.925700005842373
002280.npy,0.0006906037,31.607711307486454,0.9093447616891265,0.08990991115570068,20.939200010616332
002281.npy,0.0028686807,25.42317753345568,0.8309393033389738,0.16545027494430542,21.233499981462955
002282.npy,0.0028249093,25.489954974809663,0.8397523281711289,0.14745214581489563,21.313199977157637
002283.npy,0.003148966,25.018320064028437,0.8308607472331063,0.14568448066711426,21.254699997371063
002284.npy,0.0024875503,26.042281485898418,0.6970757825305374,0.30432185530662537,21.227399993222207
002285.npy,0.00402442,23.95296729147873,0.7520440129927993,0.2750144600868225,21.491199993761256
002286.npy,0.0040580854,23.916788051778795,0.7579891692429334,0.25825899839401245,21.44769998267293
002287.npy,0.0038783695,24.113508301814495,0.763582515066348,0.2772466540336609,21.42090001143515
002288.npy,0.0012638054,28.98319782302817,0.8537629053841234,0.19109275937080383,21.436800016090274
002289.npy,0.0011186091,29.51321628266197,0.8560959068274349,0.2075699418783188,21.537200023885816
002290.npy,0.0010716615,29.699423600273818,0.8611404554902315,0.20006170868873596,21.630900009768084
002291.npy,0.0010914506,29.61995928632711,0.8509680684996024,0.19414997100830078,21.635600016452372
002292.npy,0.001969241,27.057010961666137,0.7119194195460379,0.24274036288261414,21.655799995642155
002293.npy,0.002976975,25.2622480810531,0.7960185582617912,0.2395811229944229,20.812900009332225
002294.npy,0.0031584166,25.005305677022097,0.790465391725393,0.23448726534843445,20.692599995527416
002295.npy,0.0029478753,25.304908922666094,0.8133326777691458,0.2417563945055008,20.816100004594773
002296.npy,0.0010722738,29.696943154466624,0.8190023678334318,0.1850559413433075,20.70570000796579
002297.npy,0.0011045508,29.568143197181833,0.8085284674403668,0.16955550014972687,20.71149999392219
002298.npy,0.0010330143,29.858936812766522,0.8100612891007066,0.17575497925281525,20.717799983685836
002299.npy,0.0014497179,28.38716496914821,0.7568923959754147,0.23080724477767944,20.71890002116561
002300.npy,0.0025656645,25.90800118418926,0.5988133005586416,0.4141891300678253,20.70400002412498
002301.npy,0.00044805606,33.48667646785281,0.8374708954668045,0.2795810103416443,20.77190001728013
002302.npy,0.00047834043,33.20262921550567,0.8278151549688577,0.302287757396698,20.70259998436086
002303.npy,0.0006115751,32.135502429664506,0.796461449802041,0.3332532048225403,20.728200004668906
002304.npy,0.0020542948,26.87337234057003,0.8000070370018337,0.2510759234428406,20.75569998123683
002305.npy,0.0018298121,27.375935307284994,0.6146139015103653,0.3713580071926117,20.704599999589846
002306.npy,0.0020620073,26.85709810756469,0.5998074340582118,0.3725813627243042,20.040899980813265
002307.npy,0.0019505066,27.098525676295367,0.6109727961428449,0.3541221022605896,20.06079998682253
002308.npy,0.0018529447,27.321375441747776,0.8521769673584103,0.19836118817329407,20.147600007476285
002309.npy,0.0012097952,29.17288117034861,0.8513751808664799,0.17580339312553406,20.32179999514483
002310.npy,0.0012001295,29.2077190509755,0.8476199011973441,0.19372263550758362,20.08289998047985
002311.npy,0.0012218712,29.12974574241254,0.841668513666071,0.15257051587104797,20.07600001525134
002312.npy,0.0007833995,31.06016711578659,0.9255838272937985,0.08795426040887833,20.08139999816194
002313.npy,0.0017642243,27.534462034359855,0.8782868888622336,0.14282996952533722,20.100299996556714
002314.npy,0.0013223134,28.786655886359654,0.8957169302412029,0.12237311899662018,19.787900004303083
002315.npy,0.002048453,26.88573981909328,0.8635845042856634,0.13029420375823975,19.76439999998547
002316.npy,0.0020826987,26.81373550054439,0.843546569585383,0.1900523602962494,19.831599987810478
002317.npy,0.011654463,19.335077484162234,0.594386843456354,0.27181434631347656,19.823000009637326
002318.npy,0.010981193,19.593504965179743,0.5863384112888784,0.29537433385849,19.847200019285083
002319.npy,0.0104687605,19.801047320122482,0.5992883390990011,0.27405959367752075,19.76330002071336
002320.npy,0.0012069772,29.183009248306288,0.9008397665822324,0.1489591747522354,19.787500001257285
002321.npy,0.0022570225,26.464641012198783,0.7867056614761222,0.23362021148204803,19.837899977574125
002322.npy,0.002522998,25.980830941702017,0.7730825422175688,0.21369025111198425,20.147500006714836
002323.npy,0.0029682256,25.275031070624774,0.8164304985318389,0.18052798509597778,19.72599999862723
002324.npy,0.00087888894,30.56066011828022,0.8354460905306935,0.21583765745162964,19.784700009040534
002325.npy,0.00092501135,30.338529500180456,0.8195115861641988,0.24905668199062347,19.795000000158325
002326.npy,0.00089251006,30.493869019129182,0.8182422697133608,0.25383010506629944,19.819800014374778
002327.npy,0.00081857876,30.869395382168886,0.831846197528854,0.23213128745555878,19.768199999816716
002328.npy,0.0036745104,24.348005213219245,0.5189348604515354,0.4527246356010437,19.79710001614876
002329.npy,0.0008836819,30.53704059917287,0.5688783285467625,0.46335119009017944,19.759900023927912
002330.npy,0.0009039371,30.438617880926845,0.5653043358212709,0.447068452835083,19.76610001293011
002331.npy,0.0022993493,26.38395028438774,0.41765180267740043,0.5550891757011414,19.791999977314845
002332.npy,0.0009902433,30.042581019139163,0.7084441286162727,0.3207482099533081,19.805399992037565
002333.npy,0.00026620517,35.74783490629959,0.8470512668066025,0.35333001613616943,19.766399986110628
002334.npy,0.00023883814,36.21896323188863,0.8592026718158722,0.35883083939552307,19.781199982389808
002335.npy,0.00030396623,35.17174662041174,0.8394376305310726,0.3069724142551422,19.8417000065092
002336.npy,0.006471053,21.89025039709049,0.6476507903197818,0.3331541121006012,19.91709999856539
002337.npy,0.0011775316,29.290274769240273,0.5191333757538199,0.6240928173065186,19.924199994420633
002338.npy,0.0015549639,28.082796895270583,0.4535250911377072,0.6620068550109863,20.3068999981042
002339.npy,0.0013720198,28.626396403530066,0.470107358317852,0.6811609864234924,20.20769999944605
002340.npy,0.0019793133,27.03485411616949,0.6333860847211089,0.3623582124710083,20.269300002837554
002341.npy,0.001114948,29.527454322241677,0.7286375168671534,0.3097761273384094,19.945699983509257
002342.npy,0.001027297,29.883039425818577,0.7411081374380291,0.31078198552131653,19.93780001066625
002343.npy,0.0009734535,30.116847863763105,0.7426087357045412,0.34550464153289795,19.96929998858832
002344.npy,0.0008354724,30.780679012098897,0.9135463363764882,0.18009833991527557,19.77340001030825
002345.npy,0.00059800176,32.23297517031968,0.8010189084378779,0.426620215177536,19.777200010139495
002346.npy,0.000583763,32.33763394495454,0.8054132942669392,0.4182080626487732,19.83140001539141
002347.npy,0.0006023701,32.20136569750635,0.794571784899056,0.38885271549224854,19.744299992453307
002348.npy,0.001692255,27.715341646313828,0.8715875037272572,0.13835257291793823,19.804899988230318
002349.npy,0.0026745638,25.727470637280557,0.6645499403773374,0.3107353448867798,19.81030000024475
002350.npy,0.0024498824,26.1085476885007,0.6689444341010451,0.3770987093448639,19.75889998720959
002351.npy,0.0027483054,25.609350017573217,0.6367219351159576,0.3687728941440582,19.792000006418675
002352.npy,0.0017204345,27.64361839313348,0.8471324073227048,0.18040083348751068,19.8417000065092
002353.npy,0.00036248734,34.407071703374406,0.92102358720541,0.12170862406492233,19.783600000664592
002354.npy,0.00028621109,35.433135491980956,0.9322224120149613,0.11880257725715637,19.777300010900944
002355.npy,0.00033138282,34.79670020048691,0.9224041069331169,0.12857379019260406,19.7737000125926
002356.npy,0.00084241305,30.74474907819085,0.8879710998420716,0.17180070281028748,19.757500005653128
002357.npy,9.867964e-05,40.05772467871977,0.9557600654168129,0.0893310010433197,19.94990001549013
002358.npy,0.0001463567,38.345873759864865,0.9621156862001419,0.11576101928949356,19.762300013098866
002359.npy,6.3520994e-05,41.970827010735114,0.9750687961421013,0.060236889868974686,19.751900021219626
002360.npy,0.009540567,20.204258035136373,0.7197747629471309,0.2833597660064697,19.739100011065602
002361.npy,0.0032544937,24.875165774880017,0.8144642195905148,0.21479305624961853,19.818300002953038
002362.npy,0.003703074,24.314376442620286,0.7925717256958149,0.2154979258775711,19.84629998332821
002363.npy,0.0035205146,24.53393878591438,0.8005201426615491,0.23007002472877502,19.870399992214516
002364.npy,0.002074491,26.830884548261402,0.7568437132664323,0.21638080477714539,19.953299983171746
002365.npy,0.00037572143,34.25134023544635,0.9537269457788468,0.05144032835960388,19.774100015638396
002366.npy,0.00039938555,33.98607642860953,0.9545022893977165,0.05202053487300873,19.788800011156127
002367.npy,0.00046460202,33.32918900435442,0.9491428673613072,0.05243753269314766,20.251699985237792
002368.npy,0.0013895768,28.571174511524227,0.8125111641284898,0.1707577109336853,20.301400014432147
002369.npy,0.00042991896,33.666134202088415,0.8947559877673685,0.135190948843956,20.370199985336512
002370.npy,0.00032633875,34.86331366515493,0.9112848973326683,0.15501728653907776,19.984700018540025
002371.npy,0.00035451897,34.50360516395831,0.9125045161738395,0.1319671869277954,19.907700014300644
002372.npy,0.0013874772,28.577741406794917,0.8908211999098249,0.1268400251865387,20.056799985468388
002373.npy,0.0011832732,29.269149803061488,0.866109955624938,0.1652684360742569,19.927099987398833
002374.npy,0.0009453883,30.24389802724647,0.8740648409224152,0.15536943078041077,19.95730001362972
002375.npy,0.001284609,28.91229048284318,0.8363883290635123,0.17477771639823914,19.897200021659955
002376.npy,0.0001782316,37.4901531338199,0.9227446661028862,0.17262792587280273,19.92729998892173
002377.npy,0.002949267,25.302859150575586,0.7169612752383016,0.3264150619506836,19.96150001650676
002378.npy,0.0031353303,25.037167118204188,0.7087590107472959,0.2960340976715088,19.935999996960163
002379.npy,0.003632256,24.398235559383576,0.6800974074245691,0.34172508120536804,19.93670000229031
002380.npy,0.00078242976,31.065546253158686,0.8453337587912083,0.23284359276294708,20.009700005175546
002381.npy,0.00222049,26.535512022534014,0.3995341043681949,0.7260733842849731,19.980300014140084
002382.npy,0.0022384794,26.500468557457864,0.40119172351532895,0.7501587271690369,19.888000009814277
002383.npy,0.0022893683,26.40284317488376,0.3872301944919825,0.7394729852676392,19.881199987139553
002384.npy,0.0004827626,33.16266354542117,0.8813670604764223,0.17728807032108307,19.919200014555827
002385.npy,0.0059960885,22.221319782955938,0.2890068870688213,0.7337968349456787,19.975699979113415
002386.npy,0.0057435725,22.408179039773234,0.301581686980868,0.7396124005317688,19.901899999240413
002387.npy,0.006094992,22.150268456741177,0.270984958591157,0.7703250646591187,19.902700005332008
002388.npy,0.0031308301,25.043405022760574,0.7858259516166896,0.1918993890285492,20.08490002481267
002389.npy,0.0034260177,24.652104075714657,0.5759619273289496,0.44669559597969055,19.965299987234175
002390.npy,0.0035587484,24.4870272733373,0.577923604957927,0.42000511288642883,19.907499983673915
002391.npy,0.002491751,26.03495361537917,0.6160049169170279,0.4420689344406128,19.764299999224022
002392.npy,0.0004387258,33.57806840982232,0.8752783134612739,0.3418668806552887,19.806600001174957
002393.npy,0.008246573,20.8372647862426,0.7261839322510054,0.28984546661376953,19.726500002434477
002394.npy,0.008349412,20.78344090013577,0.7191459541220413,0.29962271451950073,19.8755000019446
002395.npy,0.008937833,20.487677745453944,0.7101086884106831,0.2997993230819702,19.781800016062334
002396.npy,0.0023342748,26.318479776104468,0.7581869984355039,0.26910337805747986,19.787299999734387
002397.npy,0.0014557609,28.36909955527456,0.6793303722432907,0.2557617425918579,19.87439999356866
002398.npy,0.0015007162,28.237014443657948,0.6700671832095422,0.3045715093612671,19.75139998830855
002399.npy,0.0014714529,28.322536461429998,0.6509432690379843,0.3589075803756714,19.821399997454137
002400.npy,0.0041236673,23.84716352610857,0.7815352605110854,0.23030507564544678,19.744999997783452
002401.npy,0.0071116327,21.480306634584924,0.6051721248469376,0.39026322960853577,19.805099989753217
002402.npy,0.007186671,21.43472280952643,0.5942524179864195,0.3802812099456787,19.768500002101064
002403.npy,0.0073169176,21.356718311346505,0.5837673340266599,0.3655921220779419,19.756800000322983
002404.npy,0.0038926185,24.097581285136958,0.7739313057197877,0.1940283179283142,19.76039999863133
002405.npy,0.0005084716,32.93733301532833,0.911861601585865,0.21793615818023682,19.820400018943474
002406.npy,0.0005124125,32.90380247628028,0.8947556368732452,0.2432989776134491,19.78400000371039
002407.npy,0.00041600325,33.80903267150108,0.9170903882951736,0.21269233524799347,19.77339998120442
002408.npy,0.00064694206,31.891346087003267,0.9115194051187039,0.1767781674861908,19.78390000294894
002409.npy,0.0068541327,21.640474882072272,0.680387400949032,0.29523611068725586,19.774599990341812
002410.npy,0.0062762415,22.02300361363068,0.6878255120327985,0.30845412611961365,31.37920002336614
002411.npy,0.007463532,21.270556245061375,0.6429748802982159,0.37886109948158264,19.771199993556365
002412.npy,0.00207727,26.825070210367805,0.7768746248250287,0.24312858283519745,19.778500020038337
002413.npy,0.0003199837,34.94872123870667,0.939700101026535,0.13857097923755646,19.779700000071898
002414.npy,0.00032895646,34.8286158897885,0.917060282461524,0.22248563170433044,19.757900008698925
002415.npy,0.00032363832,34.89940071614757,0.9153696491689682,0.22952057421207428,19.81340002384968
002416.npy,0.0072703497,21.384447075602417,0.7422601612654924,0.2548311948776245,19.81500000692904
002417.npy,0.0019226841,27.160920582877907,0.7700672825997379,0.22710809111595154,19.806800002697855
002418.npy,0.0015484687,28.100975487852445,0.7910499549059383,0.21478042006492615,19.92890000110492
002419.npy,0.0015148709,28.19624341041161,0.780876096066393,0.2274482548236847,19.933100003981963
002420.npy,0.00055442855,32.56154429114644,0.7919755556848049,0.3388460874557495,20.229299989296123
002421.npy,0.0008068284,30.932188412966642,0.8512552613868565,0.17803946137428284,20.213999989209697
002422.npy,0.0006025021,32.20041443915301,0.8918492799034119,0.13037914037704468,20.359100017230958
002423.npy,0.00060929125,32.15175036814236,0.8866678543723822,0.1436968743801117,19.78070000768639
002424.npy,0.00027021763,35.68286310483198,0.9103362454781533,0.1890406310558319,19.82690001023002
002425.npy,0.00041261996,33.84449743731321,0.8921616926554181,0.28360283374786377,19.74539997172542
002426.npy,0.00034144253,34.66682387252177,0.9085480166916847,0.2094292789697647,19.73030000226572
002427.npy,0.0003930956,34.05501795035946,0.8960488612353802,0.27790629863739014,19.827800017083064
002428.npy,0.0016124016,27.925267967836916,0.7857432605661359,0.30393025279045105,19.7541999805253
002429.npy,0.0016555573,27.810557818299323,0.7777626191968993,0.2944350838661194,19.777400011662394
002430.npy,0.0015377129,28.131247485904094,0.7741681258756816,0.3523966670036316,19.75420000962913
002431.npy,0.0020428016,26.89773829466074,0.7461643166538139,0.287312388420105,19.847300020046532
002432.npy,0.0009705932,30.129627286863048,0.9088950835124552,0.14649218320846558,19.767899997532368
002433.npy,0.0015456417,28.10891178494419,0.7655995948140197,0.3287835717201233,19.822900008875877
002434.npy,0.0019208175,27.16513901724472,0.7160802535102423,0.32451117038726807,19.854599988320842
002435.npy,0.0021588507,26.657774104135257,0.7152594743872527,0.30705350637435913,19.746000005397946
002436.npy,0.004728211,23.253031192147837,0.6829634907213263,0.35843920707702637,19.769400008954108
002437.npy,0.0066576684,21.766778643774956,0.2245024612130357,0.879543662071228,19.73619998898357
002438.npy,0.008008316,20.964587585989158,0.1897778216645303,0.9802064299583435,19.805599993560463
002439.npy,0.008617843,20.646014221019094,0.1816097409100231,1.0015716552734375,19.755999994231388
002440.npy,0.0013672407,28.641550290124805,0.8201279775998779,0.20991292595863342,19.73629998974502
002441.npy,0.0010503413,29.786695700341326,0.8768765272054673,0.11469344794750214,24.90999997826293
002442.npy,0.00106368,29.731890163352443,0.875112860119924,0.12885716557502747,19.782799994572997
002443.npy,0.0010105775,29.954303478558746,0.86873482268852,0.11021853238344193,19.850300013786182
002444.npy,0.0006602655,31.80281375680365,0.876893662415266,0.16193866729736328,19.817099993815646
002445.npy,0.0009976806,30.010084944044294,0.7844391324619167,0.33310920000076294,19.844900001771748
002446.npy,0.001092308,29.616548982342216,0.780422556840606,0.24447759985923767,19.770100014284253
002447.npy,0.0015201923,28.18101483003889,0.7219672834759736,0.310181200504303,19.857000006595626
002448.npy,0.0009873597,30.055246155140583,0.8245050382372644,0.227213516831398,19.75409997976385
002449.npy,0.0005141654,32.88897173276331,0.856510273411978,0.2596192955970764,19.81480000540614
002450.npy,0.0005334113,32.72937763926864,0.850945835477816,0.263691246509552,19.835100014461204
002451.npy,0.00055757235,32.53698748236382,0.8415586251933277,0.29397258162498474,20.150700001977384
002452.npy,0.00048091123,33.17935096339745,0.8943562927497626,0.20381547510623932,20.07269999012351
002453.npy,0.0020427094,26.897934276018937,0.8396855068884902,0.13108547031879425,20.042199990712106
002454.npy,0.0019076061,27.19511291248478,0.8419561130794696,0.12027743458747864,20.312200009357184
002455.npy,0.0014606238,28.354616258490324,0.8821547729177773,0.12267975509166718,20.213000010699034
002456.npy,0.0005206963,32.83415516108751,0.7568264618453979,0.4216611087322235,20.510699978331104
002457.npy,0.003595328,24.442614639130827,0.8428157503416538,0.15381444990634918,20.22120001493022
002458.npy,0.004389605,23.575745739410223,0.8259483717225176,0.18405720591545105,20.716200000606477
002459.npy,0.0033351695,24.768820834847322,0.8551737426964044,0.14308296144008636,20.64030000474304
002460.npy,0.00020453666,36.892288813722146,0.9211062006750107,0.20158182084560394,20.550300017930567
002461.npy,0.0004592656,33.37936069548143,0.8791311998617649,0.25172320008277893,20.104299997910857
002462.npy,0.00047856744,33.200568346590224,0.8885884130518437,0.2384185492992401,20.03419998800382
002463.npy,0.00045722775,33.39867389056177,0.8729276713954722,0.27600395679473877,20.20020000054501
002464.npy,0.00054618076,32.6266362911317,0.6939026995973587,0.42468658089637756,20.224500010954216
002465.npy,0.0019632592,27.070223739929652,0.7793769524767437,0.24066604673862457,20.224999985657632
002466.npy,0.002033106,26.91839982951025,0.794414507129699,0.21971556544303894,20.23269998608157
002467.npy,0.0024989673,26.02239432781917,0.7547843343846202,0.21113628149032593,20.18960000714287
002468.npy,0.018597554,17.3054419337214,0.5745129351701259,0.4469261169433594,20.292800007155165
002469.npy,0.0011902392,29.24365777275785,0.6796379058744348,0.3848172128200531,20.25060000596568
002470.npy,0.0011366163,29.443860809388287,0.6390912343633733,0.4741984009742737,20.114000013563782
002471.npy,0.0015382038,28.12986124943336,0.46079837327590584,0.6337645649909973,20.05809999536723
002472.npy,0.0057127085,22.43157925738768,0.8148547699358464,0.1762307733297348,20.141799992416054
002473.npy,0.014784811,18.30184218358381,0.7784363483492713,0.20938898622989655,20.19859998836182
002474.npy,0.014479253,18.39253824055637,0.7754298456322104,0.21418140828609467,20.199499995214865
002475.npy,0.015085139,18.214506625083306,0.771762609963756,0.21536792814731598,20.173799974145368
002476.npy,0.0013029447,28.85074021520131,0.7503809412554204,0.30496200919151306,20.461799984332174
002477.npy,0.0004274216,33.691435417039635,0.9060260766220465,0.1617002636194229,20.230900001479313
002478.npy,0.00044456183,33.52067851549064,0.9091389759190083,0.13772627711296082,20.157799997832626
002479.npy,0.0004187299,33.78066042407366,0.9161488777187466,0.1360533982515335,20.178600010694936
002480.npy,0.002512854,25.998327092943963,0.7666951625151038,0.3396380543708801,21.03750000242144
002481.npy,0.0009944459,30.024188267549306,0.9444016653588004,0.07564248889684677,21.03439997881651
002482.npy,0.0006709052,31.73338850937268,0.9570512833486721,0.09707198292016983,21.346499997889623
002483.npy,0.0011510578,29.38902842188486,0.93846463300604,0.06763585656881332,21.337699989089742
002484.npy,0.00031306248,35.04368980378905,0.934656019534111,0.09095120429992676,21.4892000076361
002485.npy,0.0004852647,33.14021290522493,0.757632127366066,0.3881826102733612,21.93649997934699
002486.npy,0.00047391345,33.24300997334815,0.7626770507533253,0.4028647541999817,21.583399997325614
002487.npy,0.0006890432,31.617535124141533,0.7400302857641726,0.41707342863082886,20.993600017391145
002488.npy,0.0022966214,26.389105742006276,0.7725130578629132,0.2302463799715042,21.036699996329844
002489.npy,0.0010700065,29.706135493878605,0.6445058181012273,0.5177336931228638,21.101499994983897
002490.npy,0.001001578,29.993151761351772,0.6700598197308779,0.5504352450370789,21.236399974441156
002491.npy,0.0011934738,29.231871357786257,0.6255797594590187,0.4988652467727661,21.64039999479428
002492.npy,0.0030605982,25.141937055644622,0.6100399056721977,0.40494170784950256,21.004299982450902
002493.npy,0.005492596,22.602223266098854,0.618976670599795,0.36275988817214966,21.073300013085827
002494.npy,0.0066215964,21.790372968267867,0.603924397326531,0.32189518213272095,21.0726999794133
002495.npy,0.0063495394,21.9725775368269,0.6104295614992212,0.3301181197166443,20.948900026269257
002496.npy,0.0068543414,21.640342938629352,0.7681119096054833,0.21476516127586365,20.91000002110377
002497.npy,0.000968055,30.140999975420144,0.7271206671653986,0.36229634284973145,20.97630000207573
002498.npy,0.0010543823,29.77001884245032,0.717025639613695,0.40971264243125916,21.103400009451434
002499.npy,0.00082357705,30.842957749153832,0.7499833726695776,0.38855448365211487,21.012399985920638
002500.npy,0.0016581946,27.80364512162604,0.8632567519969344,0.13174660503864288,21.08500001486391
002501.npy,0.0028811535,25.40433593891705,0.6235227790623009,0.4684811234474182,21.050000010291114
002502.npy,0.0028551973,25.443638791550814,0.6213864492884763,0.4353649914264679,21.05350000783801
002503.npy,0.0028427062,25.4626800865945,0.6152563974995315,0.4530121684074402,20.887300022877753
002504.npy,0.0022577401,26.46326052561902,0.7788591374608846,0.18247418105602264,20.20300002186559
002505.npy,0.00020807292,36.81784473887276,0.9308288030743301,0.12209296971559525,20.186499983537942
002506.npy,0.00020769468,36.825746342541805,0.9307460673804283,0.10547127574682236,20.20480000646785
002507.npy,0.00017124903,37.66371864105396,0.9404110471553803,0.1258176863193512,20.199799997499213
002508.npy,0.0018605622,27.303558061237364,0.7478988377356529,0.24713647365570068,20.205500011797994
002509.npy,0.0060382998,22.190853095446293,0.46365746413072945,0.6416903734207153,20.172999997157604
002510.npy,0.006554925,21.834323174588,0.47407278195334807,0.6214805841445923,20.20329999504611
002511.npy,0.0063567436,21.967652867176707,0.46851355502299175,0.6023187637329102,20.24769998388365
002512.npy,0.0028355492,25.473628059114777,0.8040387809577789,0.1530327945947647,20.19290000316687
002513.npy,0.0007466993,31.26854278526711,0.8810138431489467,0.07349133491516113,20.316400012234226
002514.npy,0.00084315194,30.740941467998386,0.8745496084985733,0.07730090618133545,20.21790001890622
002515.npy,0.0007613264,31.184290905535317,0.880379112276435,0.07085701823234558,20.261999976355582
002516.npy,0.0009021007,30.44744991885274,0.863136768505767,0.2694021761417389,20.243700011633337
002517.npy,0.0044510113,23.515412980512664,0.25583226084433497,0.9086206555366516,20.135300001129508
002518.npy,0.004330731,23.634387814085237,0.2676607489674129,0.8375576734542847,20.06860001711175
002519.npy,0.0041942447,23.773462411167646,0.28910407551900297,0.8785086274147034,20.13520000036806
002520.npy,0.0014612023,28.352896568604116,0.7915704850403908,0.25129619240760803,20.054499997058883
002521.npy,0.0006895991,31.614033172227476,0.6302922310919762,0.5113652944564819,20.150299998931587
002522.npy,0.000502872,32.98542529269036,0.7188089200566858,0.45860257744789124,20.144799986155704
002523.npy,0.000666963,31.75898245570847,0.638446240934372,0.5048038363456726,20.279599993955344
002524.npy,0.0034035514,24.680676604117522,0.6323129143345282,0.3158893585205078,20.2049000072293
002525.npy,0.0027551316,25.59857659628935,0.8236598663690053,0.18328067660331726,20.154900004854426
002526.npy,0.0033795722,24.711382317636858,0.7770049109124954,0.21021968126296997,20.098699984373525
002527.npy,0.0031212596,25.05670129593108,0.7994647242396324,0.1971704661846161,22.026399994501844
002528.npy,0.0016566191,27.807773325101415,0.8952526997912527,0.15321683883666992,22.01489999424666
002529.npy,0.000351259,34.543725570326124,0.9360751548089981,0.10027767717838287,22.58389999042265
002530.npy,0.00028754573,35.41293041851121,0.9386152544145584,0.11700110137462616,22.44469997822307
002531.npy,0.00026903607,35.70189506176343,0.9465204918031692,0.10085791349411011,22.906500002136454
002532.npy,0.0019455217,27.109638916834136,0.7429077939631306,0.23096580803394318,22.659300011582673
002533.npy,0.013567189,18.67510163371685,0.4959939244220285,0.5528024435043335,23.26709998305887
002534.npy,0.014170753,18.486070968571337,0.485037865710957,0.5823667049407959,23.018600011710078
002535.npy,0.014138129,18.496080842175342,0.4917023511415974,0.5872904062271118,23.15009999438189
002536.npy,0.004698139,23.280741306373525,0.6674992864833846,0.3159099221229553,22.002899990184233
002537.npy,0.07624295,11.178002652070154,0.2564487094751977,0.6082548499107361,21.92189998459071
002538.npy,0.0053109503,22.74827754558483,0.2318886629764377,0.9177359938621521,21.99300000211224
002539.npy,0.07475516,11.263588145223986,0.25729149926664563,0.6322304010391235,22.035299974959344
002540.npy,0.009775545,20.098590238336502,0.8472116079989337,0.28757378458976746,22.017000010237098
002541.npy,0.006181578,22.089006230582303,0.9220860366715192,0.059115342795848846,21.939099999144673
002542.npy,0.0069194785,21.599266533308587,0.9164316427586525,0.07279340922832489,21.986200008541346
002543.npy,0.006415303,21.92782822575999,0.9210476219527424,0.06741192191839218,21.999500022502616
002544.npy,0.0030870787,25.104522955849134,0.7894079299838618,0.20232923328876495,21.799699985422194
002545.npy,0.0019781704,27.037363277119717,0.7310484201520835,0.22187654674053192,21.756700007244945
002546.npy,0.0013459506,28.70970867366883,0.7705907827325073,0.22037458419799805,21.867899980861694
002547.npy,0.0018548423,27.316929984802137,0.6705839265566255,0.26664990186691284,21.757899987278506
002548.npy,0.0020934248,26.79142637471946,0.7610824136373178,0.2236042320728302,21.80629997747019
002549.npy,0.00094172277,30.260769258465526,0.8878499553319812,0.14393384754657745,22.465099988039583
002550.npy,0.00090125774,30.451509622281606,0.8920070733139366,0.13925763964653015,21.602599998004735
002551.npy,0.00089841406,30.465234781424716,0.8814464890783131,0.15186205506324768,21.705199993448332
002552.npy,0.001787785,27.47684717721149,0.7891535098728379,0.2866482734680176,21.672100003343076
002553.npy,0.001138113,29.438146293004873,0.6421597721714005,0.48621460795402527,21.79160001105629
002554.npy,0.0009769704,30.101185888168768,0.6512110574886799,0.5024510025978088,21.759700000984594
002555.npy,0.0010845842,29.647367527782432,0.6328938243957758,0.4880441427230835,21.84040000429377
002556.npy,0.0007419898,31.29602050128014,0.9041670322865247,0.15361382067203522,21.80350001435727
002557.npy,0.0018679758,27.286287467629915,0.7854937527875919,0.19464734196662903,21.76909998524934
002558.npy,0.0015167391,28.19089120300395,0.7985533993033767,0.2259613424539566,21.90999998128973
002559.npy,0.0017175473,27.65091311423278,0.8156258161881268,0.20149484276771545,21.855800005141646
002560.npy,0.0029702517,25.272067396158366,0.8238422712692265,0.1491973102092743,21.66569998371415
002561.npy,0.002015088,26.957060115674565,0.7739197851680704,0.2663283348083496,21.59419999225065
002562.npy,0.0018076685,27.42881210087758,0.7834052310882471,0.2618311941623688,21.516399981919676
002563.npy,0.0019592536,27.079093705459393,0.7770560519161522,0.2671034634113312,21.5201000100933
002564.npy,0.0023933416,26.20995291894407,0.44975856917327645,0.5895863175392151,21.41629997640848
002565.npy,0.0037966443,24.206000807736668,0.3851082066926793,0.6319237947463989,20.054199994774535
002566.npy,0.003780844,24.224112355885374,0.354892725753474,0.6883194446563721,20.135700004175305
002567.npy,0.0030211785,25.198236168422213,0.39879908695441485,0.6280434727668762,20.03600000170991
002568.npy,0.0011307116,29.46648144653637,0.8038891489702165,0.23418903350830078,20.03270000568591
002569.npy,0.00034041773,34.67987837164407,0.792797575559616,0.43031951785087585,20.061699993675575
002570.npy,0.001951799,27.095649019292832,0.4929615589150218,0.6607515811920166,20.205499982694164
002571.npy,0.00176237,27.539029091352564,0.4988036207308471,0.6522982716560364,20.169399998849258
002572.npy,0.00065358373,31.846987594768255,0.9211300852422715,0.10067133605480194,20.278999989386648
002573.npy,0.0006456179,31.900244284740936,0.835845101835303,0.2577577829360962,20.167300011962652
002574.npy,0.00044311857,33.534800499263405,0.897457527235508,0.16728200018405914,20.252899994375184
002575.npy,0.0005229751,32.81518992034417,0.8726510062499643,0.20064154267311096,20.298499992350116
002576.npy,0.0043423176,23.62278442457849,0.6410356075515355,0.34400662779808044,20.22860001306981
002577.npy,0.0009117039,30.401461809809405,0.8780454768445491,0.13256223499774933,20.538800017675385
002578.npy,0.0008071081,30.930682656907468,0.8785659966736427,0.11508607864379883,20.034699991811067
002579.npy,0.0011990193,29.21173843367987,0.8304660344943852,0.16232821345329285,20.09200002066791
002580.npy,0.007671003,21.151478384257366,0.6636592056605238,0.36132198572158813,20.051500003319234
002581.npy,0.003692524,24.326766655401855,0.5272453851229921,0.5792508721351624,20.22390000638552
002582.npy,0.005020167,22.992818145031528,0.4827147626806069,0.5864156484603882,20.27570002246648
002583.npy,0.0045917463,23.38022156986839,0.5015966990991267,0.6098732948303223,20.046700024977326
002584.npy,0.0018164216,27.407833179547566,0.8481155729443915,0.17702844738960266,19.99420000356622
002585.npy,0.00067881215,31.68250393606964,0.8935142619543076,0.13264231383800507,19.88290000008419
002586.npy,0.0006312805,31.997776165066814,0.8880353370089531,0.13653521239757538,19.88330000312999
002587.npy,0.0007067309,31.5074594668577,0.8890153032073974,0.12871289253234863,19.790899998042732
002588.npy,0.002651295,25.76541918780892,0.8635488679093644,0.1295085847377777,19.89809999940917
002589.npy,0.0016829467,27.73929648010383,0.889919271431096,0.1357582062482834,19.772499974351376
002590.npy,0.0012915465,28.88889973970246,0.9077296454881728,0.12254506349563599,20.026099984534085
002591.npy,0.0017791277,27.497928776399476,0.8856169308562278,0.13399334251880646,19.925800006603822
002592.npy,0.0004928,33.073292895112665,0.8709526505827904,0.2502595782279968,19.95560000068508
002593.npy,0.0006852889,31.641262942602136,0.6997922459256649,0.468323677778244,19.89370002411306
002594.npy,0.0005214093,32.82821178704794,0.7663543982307762,0.4928525686264038,19.909199996618554
002595.npy,0.0004179903,33.78833807482973,0.800570138380766,0.3633851408958435,20.011100015835837
002596.npy,0.00012659607,38.975797554628954,0.9674357549393177,0.04410205036401749,19.77670000633225
002597.npy,0.0022544798,26.46953643856211,0.865678372739315,0.11768782883882523,19.872000004397705
002598.npy,0.0025464422,25.940661908715548,0.8537725919749588,0.13011442124843597,19.765800010645762
002599.npy,0.0025846357,25.87600651878528,0.8531176307572722,0.13389484584331512,19.838300009723753
002600.npy,0.00091069954,30.406248909228903,0.8085345103899613,0.24745261669158936,19.862800021655858
002601.npy,0.0014222056,28.470376424166805,0.6933419839553386,0.393153578042984,20.018299983348697
002602.npy,0.001587875,27.991836853944896,0.6708479907106906,0.4230887293815613,19.971099973190576
002603.npy,0.0014939042,28.25677287923577,0.6945996170538498,0.36995410919189453,19.880700012436137
002604.npy,0.0011572491,29.365731584002365,0.6858026406542063,0.4211609363555908,19.890900002792478
002605.npy,0.0047974223,23.189920497285378,0.2627375448553711,0.845772385597229,19.940099999075755
002606.npy,0.0027458253,25.613270906635215,0.3325495971711278,0.7605495452880859,20.21940000122413
002607.npy,0.0049099834,23.08919978013475,0.25950216093599426,0.8672454357147217,20.282500016037375
002608.npy,0.0003356858,34.740670311460974,0.9173510421333313,0.2429579496383667,20.377799984999
002609.npy,0.0007144442,31.460316629068625,0.9286717946929932,0.08453956246376038,20.43850001064129
002610.npy,0.0010297718,29.87258988962275,0.9168820585262776,0.0747276246547699,20.42670000810176
002611.npy,0.00092508516,30.338183014107084,0.9256704920225144,0.07197273522615433,20.4255000280682
002612.npy,0.0010138525,29.940252120046686,0.7997826773827672,0.29941362142562866,20.61189999221824
002613.npy,0.000668254,31.750584383319698,0.8668478576106131,0.174966499209404,21.25049999449402
002614.npy,0.0006789766,31.68145195168418,0.8607632288117408,0.21598976850509644,21.278400003211573
002615.npy,0.00071375206,31.464526425283704,0.8621779338526726,0.21727904677391052,21.582300018053502
002616.npy,0.0041436134,23.82620788564898,0.6878724065598167,0.34164756536483765,21.750500018242747
002617.npy,0.0020800284,26.81930744059658,0.79947875693856,0.20908737182617188,21.70710000791587
002618.npy,0.0019972054,26.995772566898907,0.8009399551980622,0.2125428467988968,20.180499996058643
002619.npy,0.0020453567,26.892309616872396,0.816406308403078,0.21660847961902618,20.335800014436245
002620.npy,0.0038933523,24.09676273990118,0.3194385505618181,0.796680212020874,20.211600000038743
002621.npy,0.0007961425,30.990091621147897,0.8037737531360388,0.2717074155807495,20.339999988209456
002622.npy,0.0008219129,30.851741983589605,0.8017887659364342,0.2858315110206604,20.375899999635294
002623.npy,0.0009895064,30.045814228021715,0.7825982576411963,0.29589569568634033,20.45209999778308
002624.npy,0.0018253342,27.38657622158124,0.44654792082689515,0.7349467277526855,20.433500001672655
002625.npy,0.0030439883,25.16557035858647,0.43536983918727,0.6674555540084839,20.28160000918433
002626.npy,0.0026696196,25.73550618318061,0.4410017000836707,0.6511121988296509,20.358299982035533
002627.npy,0.002886205,25.396728041984904,0.4408372357644271,0.6607183218002319,20.40910001960583
002628.npy,0.000530426,32.75375230832932,0.8918400529435855,0.20809996128082275,20.40760000818409
002629.npy,0.0012223052,29.128202943621208,0.8454422557227165,0.17768362164497375,20.343599986517802
002630.npy,0.0010883877,29.632163911294846,0.8546183165902496,0.16485150158405304,20.374399988213554
002631.npy,0.0010881708,29.633029293272624,0.856469855437994,0.1719793677330017,20.44190000742674
002632.npy,0.002590179,25.866702041656524,0.7856529218652845,0.2306639552116394,20.380300004035234
002633.npy,0.0044294866,23.5364657107155,0.33458392546569554,0.8358656167984009,20.44490000116639
002634.npy,0.004667122,23.309508756901725,0.3519650827809126,0.7932562828063965,20.448800001759082
002635.npy,0.0072718635,21.383542938233813,0.31488896165468766,0.8168950080871582,20.347800018498674
002636.npy,0.0055153696,22.58425379661725,0.7989621926167607,0.23761826753616333,19.88320000236854
002637.npy,0.07413587,11.299716236813888,0.26121913563264987,0.5457580089569092,19.791800004895777
002638.npy,0.0751192,11.242490594278083,0.25723191634553666,0.5791091322898865,19.836599996779114
002639.npy,0.07462963,11.270887188155072,0.2634743424585643,0.6042792797088623,19.775499997194856
002640.npy,0.0034308024,24.646043178275058,0.7501492437013644,0.2919565737247467,19.889800023520365
002641.npy,0.0063233986,21.990494333067193,0.7207538773532799,0.22157806158065796,19.96909998706542
002642.npy,0.0060529727,22.180312614157685,0.7203951815751399,0.23989585041999817,19.874699995853007
002643.npy,0.0064173173,21.92646466859813,0.7148274749391526,0.2219463437795639,19.898499973351136
002644.npy,0.00089523906,30.48060988998909,0.8725781931972727,0.15997174382209778,19.914600008632988
002645.npy,0.0004980908,33.026914670436774,0.8925739342794419,0.29762229323387146,19.885199988493696
002646.npy,0.0005625295,32.49854696337307,0.8892266256227493,0.2890612483024597,19.890199997462332
002647.npy,0.00075843604,31.20081058617046,0.841726907888262,0.34800565242767334,19.906399975297973
002648.npy,0.0011975123,29.217200251951493,0.7691270541608631,0.26836565136909485,19.897299993317574
002649.npy,0.0033725007,24.720479481302142,0.29791630587506296,0.8106210231781006,19.8787999979686
002650.npy,0.003378245,24.71308885289244,0.3051982898450261,0.7866946458816528,24.005800019949675
002651.npy,0.0028954893,25.382780436869194,0.31789203996593507,0.7796843647956848,24.004600010812283
002652.npy,0.0008417768,30.748030784718672,0.9009121556669026,0.26629289984703064,24.31309997336939
002653.npy,0.0045058364,23.462245921028995,0.654143697317645,0.3656044006347656,25.365500012412667
002654.npy,0.0044378717,23.528252620087343,0.6827488036138858,0.34418168663978577,24.570300010964274
002655.npy,0.0049099806,23.089202231676474,0.6389626089489503,0.35859042406082153,24.56640001037158
002656.npy,0.002055242,26.871370320704592,0.7585405161653049,0.23852397501468658,24.623500008601695
002657.npy,0.00087601604,30.574879285068715,0.8069467827659249,0.28506940603256226,24.646100006066263
002658.npy,0.00093828107,30.27667051308766,0.7925031129832864,0.2621058225631714,24.664499971549958
002659.npy,0.0008098667,30.915864460505755,0.8156953841420561,0.2904522120952606,21.81540001765825
002660.npy,0.0017944243,27.46074870695618,0.8083950740134418,0.2091030776500702,21.651399991242215
002661.npy,0.0004940415,33.06236580267613,0.9001948421835899,0.16880343854427338,21.855500002857298
002662.npy,0.00045986508,33.37369559921364,0.9002832316746712,0.16649867594242096,21.963700011838228
002663.npy,0.00048270164,33.16321210031279,0.9015786729226336,0.1691540628671646,21.71020000241697
002664.npy,0.00088909705,30.510508371314966,0.8901534069684148,0.12186727672815323,21.65510001941584
002665.npy,0.0018642009,27.29507262827869,0.7917900863680393,0.19063735008239746,21.617299993522465
002666.npy,0.0020731466,26.833699784795144,0.7758741855560783,0.20661906898021698,21.62390001467429
002667.npy,0.002274119,26.431867974395225,0.7680892649676204,0.18534427881240845,21.646699984557927
002668.npy,0.0024864816,26.04414771012181,0.675894266294315,0.3429376184940338,21.89080000971444
002669.npy,0.002919606,25.346757727560323,0.752351049404297,0.24671028554439545,21.731499989982694
002670.npy,0.0024443427,26.118379411983987,0.7549534703722075,0.24996648728847504,21.80499999667518
002671.npy,0.0027342374,25.631637843765684,0.7599390458566285,0.24755792319774628,21.76649999455549
002672.npy,0.006095692,22.149769995594276,0.741586271276508,0.23788496851921082,21.8550999998115
002673.npy,0.0013507803,28.694153065362187,0.8495108645584917,0.27434059977531433,21.824700001161546
002674.npy,0.0016653578,27.784924235960574,0.8301692387443104,0.3308943510055542,21.736299997428432
002675.npy,0.0024773418,26.060140702840012,0.7954044714822779,0.3516765534877777,21.711099980166182
002676.npy,0.0010958873,29.60234086599999,0.6749581290557736,0.4820743203163147,21.63309999741614
002677.npy,0.00161636,27.914619073791602,0.6781608190149069,0.3278517425060272,21.530199999688193
002678.npy,0.0015012884,28.235358613401353,0.7105270181096877,0.3085080683231354,21.698700002161786
002679.npy,0.0017262215,27.629034794252966,0.7011081104565989,0.27961409091949463,21.547700016526505
002680.npy,0.0019878878,27.016081170777912,0.8136008815772235,0.20586711168289185,21.701999998185784
002681.npy,0.00806047,20.936396257672108,0.8089992925220728,0.18592865765094757,21.64170000469312
002682.npy,0.0070965495,21.48952791509284,0.808891613441363,0.18179239332675934,21.53659999021329
002683.npy,0.008049233,20.9424548034583,0.818350073856689,0.17793941497802734,21.61509997677058
002684.npy,0.0031237635,25.053218290466237,0.7291174751443539,0.21337290108203888,21.654699987266213
002685.npy,0.0007565776,31.21146555787852,0.9197603335467791,0.14539261162281036,21.557800006121397
002686.npy,0.00090659596,30.425862378325107,0.9057860642352952,0.17327342927455902,20.301500015193596
002687.npy,0.00055042445,32.59302318338081,0.9251109933786095,0.1422765851020813,20.283999998355284
002688.npy,0.0022315574,26.51391926388442,0.8391364625371546,0.2429453730583191,20.211199996992946
002689.npy,0.001952027,27.09514172868381,0.8187141079228344,0.20510579645633698,20.24929999606684
002690.npy,0.0022902233,26.401221628639448,0.8064084530766346,0.21247819066047668,20.296900009270757
002691.npy,0.0022457482,26.48638945906704,0.8036701309063062,0.21580521762371063,20.258899981854483
002692.npy,0.00030872476,35.10428523517793,0.9201302982802391,0.21625161170959473,20.14240002608858
002693.npy,0.00031936215,34.957165396444275,0.9357483035776615,0.20899297297000885,20.119599997997284
002694.npy,0.005354554,22.712767129256353,0.24224359871022963,0.9314507246017456,20.1080999977421
002695.npy,0.0050612995,22.957379742913055,0.25114431648559493,0.9000601768493652,20.266299979994074
002696.npy,0.0009796057,30.08948671667698,0.7922855147258397,0.2093169242143631,20.202399988193065
002697.npy,0.0028953769,25.382948821470936,0.3237865105983317,0.9140311479568481,20.73960000416264
002698.npy,0.0035304052,24.521754312539453,0.2933270608076453,0.8990398645401001,20.27430001180619
002699.npy,0.0034619702,24.606766551342922,0.3384936696908877,0.7799512147903442,20.178600010694936
002700.npy,0.002627122,25.805197545808088,0.7176804133027196,0.3218105733394623,20.196199999190867
002701.npy,0.0004766871,33.21766612756288,0.8186664590654373,0.22272399067878723,20.245299994712695
002702.npy,0.00035569927,34.48917010363381,0.8451097035021782,0.2699867784976959,20.0771999952849
002703.npy,0.00034485574,34.62362541399982,0.844639501184225,0.26946908235549927,20.055900007719174
002704.npy,0.013237687,18.781878664871062,0.6893676479183231,0.2762335538864136,20.041300012962893
002705.npy,0.003527719,24.525060199169157,0.8549956469644755,0.1894114762544632,20.314800000051036
002706.npy,0.004774855,23.21039801853638,0.8376140881628991,0.17342403531074524,20.393599988892674
002707.npy,0.0035068127,24.550874219264518,0.8612329241839052,0.1749098300933838,20.473599986871704
002708.npy,0.0026428243,25.779317276662297,0.5783215160000149,0.37341082096099854,20.20910001010634
002709.npy,0.0016499704,27.82523845183554,0.6926553090240769,0.3906046450138092,20.05510000162758
002710.npy,0.0018415252,27.348223335904297,0.6693576147619823,0.40334075689315796,20.2669000136666
002711.npy,0.0019177959,27.171976353756463,0.6600046326259598,0.38763701915740967,20.200900005875155
002712.npy,0.0007820153,31.067847263050645,0.786005053502798,0.2700667679309845,20.2385000011418
002713.npy,0.008276161,20.821711324626175,0.2900437668855219,0.8187838196754456,20.259099983377382
002714.npy,0.0077200495,21.12379929363025,0.2705791735434145,0.8817503452301025,20.280900003854185
002715.npy,0.008508146,20.70165083395089,0.2941188183398009,0.8271991014480591,20.199599995976314
002716.npy,0.013448307,18.713323671657726,0.6275126258969996,0.3526965379714966,20.034899993333966
002717.npy,0.0018110808,27.42062196824305,0.8022905547152758,0.1772369146347046,20.155200007138774
002718.npy,0.0021741283,26.627148361427352,0.7748457324409485,0.19697800278663635,20.133999991230667
002719.npy,0.0020999322,26.777947362562628,0.7856059553611279,0.18061701953411102,19.90250000380911
002720.npy,0.006364626,21.962271542332154,0.7856936102678301,0.23294809460639954,19.910199975129217
002721.npy,0.008844424,20.533304378539444,0.6920498279805155,0.30334019660949707,19.977399992058054
002722.npy,0.009194881,20.364539153096757,0.6865492283296644,0.3081178069114685,20.02110000466928
002723.npy,0.009075317,20.421382305339264,0.6842789925179565,0.30957329273223877,20.283899997593835
002724.npy,0.0015523161,28.09019855058501,0.815996372898072,0.20477624237537384,19.922800012864172
002725.npy,0.0006161113,32.10340831684849,0.8676597674325705,0.14440342783927917,19.839400018099695
002726.npy,0.00046771037,33.30022976410271,0.8942018896171748,0.16251888871192932,20.04750000196509
002727.npy,0.0005007642,33.00366734791655,0.8838576268473863,0.1429988592863083,19.870899996021762
002728.npy,0.009148171,20.38665697627943,0.4848415490521835,0.441089928150177,19.88599999458529
002729.npy,0.000403725,33.939143780220164,0.9169086302804947,0.2826697528362274,19.90519999526441
002730.npy,0.00033725103,34.72046727025337,0.9276313926906585,0.2658022344112396,19.85479998984374
002731.npy,0.0004771903,33.2130841367855,0.917242688680619,0.2322896122932434,19.876000005751848
002732.npy,0.0018507884,27.32643216572628,0.8569649535782039,0.1516217738389969,19.955299998400733
002733.npy,0.0011229457,29.4964126622681,0.8061385723593831,0.2080959528684616,19.87150000059046
002734.npy,0.0014005715,28.536947071398025,0.7516136690637208,0.26800408959388733,19.905900000594556
002735.npy,0.0009772367,30.100002507791007,0.8169145578110218,0.23706158995628357,19.965099985711277
002736.npy,0.0012264543,29.11348642127677,0.875164325382948,0.14103420078754425,20.25790000334382
002737.npy,0.0015335488,28.143024228536618,0.8270996311620231,0.15071119368076324,19.754899985855445
002738.npy,0.0020956597,26.78679221111366,0.797301443308169,0.1525031328201294,19.760499999392778
002739.npy,0.002062217,26.856656279497674,0.8009506331486329,0.1569829285144806,19.726900005480275
002740.npy,0.0010154899,29.93324371689736,0.792505273923547,0.26082685589790344,20.048400008818135
002741.npy,0.008883382,20.5142165624904,0.610662194694683,0.30307528376579285,19.840599998133257
002742.npy,0.0073755016,21.32208446601628,0.6511419018300362,0.2609350085258484,19.849999982398003
002743.npy,0.009615798,20.170147304796664,0.6030576052896743,0.291635125875473,19.760499999392778
002744.npy,0.012559483,19.010282539387806,0.6513867438849029,0.2601771950721741,19.829500000923872
002745.npy,0.0008552689,30.678973084358287,0.7923562005990148,0.3936842381954193,19.735900015803054
002746.npy,0.00095244707,30.21159164333628,0.7831371759206056,0.3406187891960144,19.74079999490641
002747.npy,0.00092170155,30.354096858743013,0.7801198938660622,0.32677215337753296,19.81779999914579
002748.npy,0.0009788644,30.092774948074887,0.8538887755684983,0.18025505542755127,20.150800002738833
002749.npy,0.0026413715,25.781705232492254,0.6781092864958048,0.33037155866622925,19.591899996157736
002750.npy,0.0026302296,25.800063743177684,0.6814865994596034,0.3309825360774994,19.717799994396046
002751.npy,0.0026555164,25.758510341934336,0.6768493589332104,0.3379887342453003,19.624999986262992
002752.npy,0.0010600126,29.74688957336028,0.8632570312408209,0.17134679853916168,19.662000006064773
002753.npy,0.00044608023,33.50587062085788,0.9046071152892112,0.13831262290477753,19.667599990498275
002754.npy,0.00027431603,35.617488327087095,0.9238194063501358,0.10193529725074768,19.598100014263764
002755.npy,0.000348886,34.57316415930018,0.9109559833426476,0.12240791320800781,19.691199995577335
002756.npy,0.0005336044,32.727806284000415,0.7537986590201855,0.41116124391555786,19.600599975092337
002757.npy,0.004982669,23.025379775152377,0.2760206796304956,0.7636430263519287,19.969400018453598
002758.npy,0.005086748,22.9355981197618,0.2611127591028288,0.7446420788764954,21.92610001657158
002759.npy,0.004729623,23.251734868601236,0.30498574264366923,0.7373871207237244,21.85369998915121
002760.npy,0.00067516096,31.70592684382553,0.8933343823695553,0.21526245772838593,21.854599996004254
002761.npy,0.0012202756,29.135420701727185,0.9135494446754158,0.26708585023880005,21.809700003359467
002762.npy,0.00089786947,30.467868079605843,0.9056474221339822,0.27731701731681824,22.161300003062934
002763.npy,0.0010815754,29.6594319664462,0.8856367141141891,0.2600373327732086,22.384899988537654
002764.npy,0.0017949248,27.45953720851049,0.7343014551996577,0.21447332203388214,22.368600009940565
002765.npy,0.00033681752,34.72605309191018,0.7907787155652046,0.3367765545845032,22.220099985133857
002766.npy,0.00039746487,34.00701228277182,0.7721577724070549,0.35453495383262634,22.023300000000745
002767.npy,0.00039568765,34.02647531301919,0.7852727571482658,0.3410158157348633,21.96340000955388
002768.npy,0.00089238596,30.494472762523888,0.9087302435876727,0.17555543780326843,21.96060001733713
002769.npy,0.0033162623,24.79351118535544,0.4367492100145733,0.42760804295539856,21.96610000100918
002770.npy,0.002328891,26.328508187367987,0.4897476776051186,0.4355740547180176,21.940800012089312
002771.npy,0.0030844447,25.108230200076132,0.4298568625125893,0.4436446726322174,21.9234999967739
002772.npy,0.0012133571,29.16011390110336,0.9076388851699829,0.2698732018470764,22.02540001599118
002773.npy,0.0015834426,28.00397675091117,0.8068017792106866,0.2277926653623581,22.10130001185462
002774.npy,0.0018578449,27.30990570419388,0.7792560879623077,0.24203719198703766,21.991200017509982
002775.npy,0.0019435524,27.114037451571413,0.7908720133273601,0.24441251158714294,21.940099977655336
002776.npy,0.011503136,19.39183763660811,0.6497306716228554,0.39538294076919556,21.849900018423796
002777.npy,0.004630816,23.343424747941256,0.7788025591210891,0.2955668568611145,21.792599989566952
002778.npy,0.0053657684,22.703681041815823,0.77493061502848,0.31396254897117615,21.955600008368492
002779.npy,0.005623501,22.49993257728772,0.7744133799001239,0.3036501109600067,22.059899987652898
002780.npy,0.002316991,26.350756309518836,0.5821192471223912,0.4144015908241272,21.96040001581423
002781.npy,0.003772905,24.233240896652294,0.7689770527839661,0.3063645660877228,21.970100002363324
002782.npy,0.003628953,24.402186633365112,0.7707155088648796,0.3232479393482208,21.96189999813214
002783.npy,0.0038651505,24.128336007663357,0.7682742306992039,0.2992313504219055,23.97549999295734
002784.npy,0.0015772476,28.02100133552967,0.783609011798203,0.19998452067375183,24.452900019241497
002785.npy,0.0023633922,26.26464236653505,0.7828428218278289,0.22907796502113342,24.498899991158396
002786.npy,0.0024373177,26.130878409026998,0.7864521213762165,0.22237002849578857,22.60609998484142
002787.npy,0.0022332857,26.510557251713376,0.7787366771353937,0.21281644701957703,22.645499993814155
002788.npy,0.0011813557,29.27619305599089,0.6137155503578186,0.4082092344760895,22.635399975115433
002789.npy,0.004469273,23.497630887328906,0.4690315945919035,0.6160630583763123,22.724100010236725
002790.npy,0.004783282,23.202739963030314,0.45878248848586156,0.6305360198020935,22.71280001150444
002791.npy,0.0051423647,22.888371448422483,0.45899933814815946,0.633383572101593,22.458499995991588
002792.npy,0.0010288325,29.87655333751941,0.8316095063562393,0.22221407294273376,22.42720001959242
002793.npy,0.00051608507,32.87278705314837,0.8641845679707527,0.21260753273963928,22.390500002074987
002794.npy,0.00039497114,34.03434644892628,0.8887433559823036,0.20114962756633759,22.516500001074746
002795.npy,0.00038080357,34.19298985084131,0.8902264821958542,0.23896101117134094,22.45690001291223
002796.npy,0.0022720993,26.435726743778712,0.8548936059792116,0.2217831164598465,21.834100014530122
002797.npy,0.0011990408,29.211660165970088,0.5293787979581356,0.5546385645866394,21.90570000675507
002798.npy,0.0011860111,29.259112309985497,0.5284858086965084,0.5359829068183899,21.775699977297336
002799.npy,0.0012644072,28.98113038729803,0.5110492385163308,0.6012188196182251,21.852700010640547
002800.npy,0.0068408097,21.6489248241636,0.6725443209144505,0.37649816274642944,21.7955999833066
002801.npy,0.0016585599,27.80268822690042,0.6200754003932253,0.43960702419281006,20.271699992008507
002802.npy,0.0016230405,27.89670658441816,0.6205709207771439,0.47003284096717834,20.227400003932416
002803.npy,0.0019505915,27.09833677880537,0.5923276582012829,0.5248752236366272,20.225700020091608
002804.npy,0.0018136763,27.41440214754862,0.7399338246658742,0.2768794298171997,20.249900000635535
002805.npy,0.00186827,27.285603472359025,0.4141191235690117,0.7257485389709473,20.22679999936372
002806.npy,0.0029976536,25.232185866981748,0.3234734305616617,0.8325232267379761,20.30809997813776
002807.npy,0.0021877792,26.599965680160437,0.387202794401288,0.7464295625686646,20.19280000240542
002808.npy,0.003658566,24.36689095842413,0.7492996426536359,0.29028987884521484,20.422000001417473
002809.npy,0.0008938638,30.487286502793523,0.6916064169874191,0.5049877166748047,20.445000001927838
002810.npy,0.0009413706,30.262393302836443,0.7037087314124107,0.4743749499320984,20.497299992712215
002811.npy,0.0010466636,29.801928902866116,0.7033469914368391,0.45981675386428833,20.379900000989437
002812.npy,0.001016881,29.927298923417727,0.8746568114616871,0.0864429846405983,20.348699996247888
002813.npy,0.0013180504,28.800679823128657,0.8827637135068029,0.12209895253181458,20.39879999938421
002814.npy,0.0010596684,29.748300335895234,0.9103796380177737,0.08812576532363892,20.960900001227856
002815.npy,0.0012213029,29.131765930940773,0.9045646410386264,0.09500350803136826,19.922500010579824
002816.npy,0.00096735917,30.14412244022934,0.8538604265671969,0.18675701320171356,19.874599995091558
002817.npy,0.0008742388,30.583699340511416,0.7565473929077796,0.27911126613616943,19.78079997934401
002818.npy,0.0018657472,27.291472227791807,0.6338383798520565,0.40243732929229736,19.749500002944842
002819.npy,0.0007781468,31.089384586455793,0.7738127891755104,0.30368155241012573,19.93219999712892
002820.npy,0.0044733835,23.4936388372197,0.6507609036230538,0.34931015968322754,19.911799987312406
002821.npy,0.0023700576,26.252411203704504,0.647363750539191,0.37609386444091797,20.00449999468401
002822.npy,0.0026991637,25.68770778701763,0.6334713984345048,0.3548373281955719,19.953100010752678
002823.npy,0.002787263,25.548220715898342,0.6451318965525515,0.3339333236217499,19.909399998141453
002824.npy,0.0030534477,25.152095255697485,0.7687264558914797,0.20704001188278198,20.02270001685247
002825.npy,0.004593814,23.37826606534898,0.550921516698345,0.4429178833961487,19.976200012024492
002826.npy,0.0046856375,23.29231281719672,0.518720629783269,0.471080482006073,19.963799975812435
002827.npy,0.004714113,23.265999750319672,0.6065615805186434,0.4276265799999237,19.93039998342283
002828.npy,0.0002558507,35.92013392653833,0.9451272201924324,0.11488261073827744,19.884299981640652
002829.npy,0.0008307338,30.80538122661541,0.6258929215865136,0.44961780309677124,20.0462999928277
002830.npy,0.0009039977,30.438326963913806,0.6229387145483494,0.46041613817214966,20.242600003257394
002831.npy,0.0007960368,30.990668284731534,0.6335620219523906,0.47668734192848206,19.817099993815646
002832.npy,0.0016677304,27.778741539095407,0.7852570635408945,0.15462607145309448,19.76150000700727
002833.npy,0.0029746897,25.265583165539617,0.8449461176151559,0.2002851665019989,19.850000011501834
002834.npy,0.0039523244,24.03147439689729,0.8157450970698297,0.21603621542453766,19.7854999860283
002835.npy,0.0029725372,25.26872699785517,0.8464592184245325,0.20618729293346405,19.72889999160543
002836.npy,0.0005411789,32.6665910772827,0.9292527823340893,0.07938221096992493,19.808700017165393
002837.npy,0.00044880336,33.47943926882362,0.8984449791927338,0.23799991607666016,20.05919997463934
002838.npy,0.0002994208,35.23718090322105,0.9268379068117142,0.1632135808467865,20.336999994469807
002839.npy,0.00041231862,33.84767056001221,0.9086358644394874,0.21544229984283447,20.2016000112053
002840.npy,0.002233475,26.510189246764924,0.6867398847231939,0.32402274012565613,20.119599997997284
002841.npy,0.0009509193,30.218563354586728,0.8886436612939834,0.22457075119018555,20.15259998734109
002842.npy,0.00089121086,30.50019509513051,0.8905212012774796,0.2531227767467499,20.3722000005655
002843.npy,0.0012887404,28.898345360761123,0.8754126418714635,0.23365508019924164,21.119599987287074
002844.npy,0.0021843642,26.606749525485537,0.5840328663575354,0.36357617378234863,21.17200000793673
002845.npy,0.0012938515,28.881155910954167,0.7321077793099857,0.3454256057739258,21.608600014587864
002846.npy,0.0013457902,28.710226340762986,0.7289120762738586,0.33874818682670593,21.644299995386973
002847.npy,0.0008588011,30.66107429154194,0.7564973871789202,0.3171972930431366,21.86410001013428
002848.npy,0.0008912281,30.500111300680032,0.7266018695132435,0.35816335678100586,21.905900008277968
002849.npy,0.00026486118,35.76981682016138,0.9401267719488144,0.12505358457565308,22.00200001243502
002850.npy,0.00031882798,34.96443546244757,0.9335379968109131,0.13133081793785095,20.924199983710423
002851.npy,0.00038863008,34.104635748380446,0.9232522453579902,0.13377109169960022,20.877900009509176
002852.npy,0.006542552,21.84252844525031,0.6071152639606372,0.35440000891685486,20.87290000054054
002853.npy,0.006911508,21.604271641841674,0.7531426277372539,0.24389168620109558,21.10230000107549
002854.npy,0.0078451345,21.05399629271681,0.7336751055698157,0.25232982635498047,20.812699978705496
002855.npy,0.0072995704,21.367026938957228,0.7409457050854005,0.26032114028930664,20.799199992325157
002856.npy,0.0016260889,27.888557064128218,0.7832780764978174,0.36853301525115967,20.781800005352125
002857.npy,0.00018831606,37.25112656887386,0.8935665146141052,0.23985035717487335,20.787500019650906
002858.npy,0.00026764188,35.72445941372539,0.8688242569465637,0.25694477558135986,20.786100008990616
002859.npy,0.00020115334,36.96472750535169,0.8839677353663444,0.2561304569244385,20.871700020506978
002860.npy,0.002041624,26.90024274961501,0.7212293397060987,0.29201534390449524,20.898600021610036
002861.npy,0.001772315,27.51459067213082,0.8225158899954855,0.11828399449586868,20.888099999865517
002862.npy,0.0017893701,27.472998154982335,0.8151751011471022,0.1359163075685501,20.91409999411553
002863.npy,0.0026413405,25.78175610910374,0.8019208865827545,0.14313998818397522,20.861800003331155
002864.npy,0.0017452874,27.581330273571748,0.7883759727343088,0.27016565203666687,20.88480000384152
002865.npy,0.0011205557,29.505665421532726,0.7852252028380632,0.2470821589231491,20.854100002907217
002866.npy,0.0011360595,29.44598934650621,0.7849945192291736,0.28305113315582275,20.094399980735034
002867.npy,0.0009838298,30.070800187767365,0.7996771764271259,0.2938489019870758,20.067900011781603
002868.npy,0.0023982483,26.20105824029523,0.7051152872832641,0.3401578664779663,19.972900016000494
002869.npy,0.0003842329,34.15405464848756,0.8303438761748969,0.3260873258113861,19.977300020400435
002870.npy,0.0004451709,33.51473194549275,0.8024928873403072,0.3914259374141693,20.130100019741803
002871.npy,0.00047101453,33.26965682059591,0.793954700326234,0.35952457785606384,20.135399972787127
002872.npy,0.0005641165,32.48631184554401,0.8344849791150466,0.2643960416316986,20.28480000444688
002873.npy,0.0007224714,31.41179380785994,0.8075650391847641,0.3591866195201874,20.132600009674206
002874.npy,0.00052621705,32.788350641008115,0.8538152551255226,0.36542829871177673,20.060300012119114
002875.npy,0.00068423926,31.647920157141463,0.8358042629357576,0.34772780537605286,20.08899999782443
002876.npy,0.0017875589,27.4773966992516,0.40670246273612976,0.8074159026145935,20.05049999570474
002877.npy,0.0024134926,26.17354003705411,0.8159832825498246,0.2633940279483795,20.065899996552616
002878.npy,0.002293199,26.3955824933886,0.8163652643568702,0.26358336210250854,20.128000003751367
002879.npy,0.002181607,26.612234715110205,0.8302325717439055,0.24528950452804565,20.19739997922443
002880.npy,0.00043272003,33.63793003320172,0.8522990632586479,0.37387776374816895,20.050000021001324
002881.npy,0.0009473296,30.23498875295172,0.8668340672168583,0.1656634360551834,20.123499998589978
002882.npy,0.0011288293,29.473716876116157,0.8377051621321477,0.15991970896720886,20.01939999172464
002883.npy,0.000996308,30.016063520997864,0.8659595610344559,0.1450141817331314,20.03439998952672
002884.npy,0.0020289838,26.927214239873848,0.660156496409202,0.33066803216934204,31.974099983926862
002885.npy,0.0023338045,26.319355507755997,0.7525220503279194,0.2283332347869873,19.88889998756349
002886.npy,0.0016072558,27.93915006770068,0.7712043244943544,0.20628809928894043,19.982700003311038
002887.npy,0.0016139646,27.921059858949754,0.7621582411224209,0.19237563014030457,19.926999986637384
002888.npy,0.0017480897,27.574363063966054,0.7927311785684228,0.2549034655094147,19.88770000752993
002889.npy,0.00096173875,30.16942860930687,0.7893406551394463,0.35228464007377625,19.842599984258413
002890.npy,0.0008393531,30.76055295230396,0.8014853307800293,0.40702033042907715,19.877599988831207
002891.npy,0.0010043888,29.980981340557165,0.7807953435204625,0.3493054211139679,19.951900001615286
002892.npy,0.0030340955,25.17970741730304,0.6873594405530081,0.39864790439605713,19.926699984353036
002893.npy,0.00060964655,32.14921905882213,0.7581532157126921,0.3334914445877075,19.74249997874722
002894.npy,0.0005677246,32.45862281591886,0.7666238593792916,0.28301045298576355,19.845300004817545
002895.npy,0.00047380303,33.24402179175392,0.7919835832262039,0.31713923811912537,19.728299987036735
002896.npy,0.0012376644,29.07397123595075,0.8024642753492724,0.19967009127140045,19.86220001708716
002897.npy,0.004633552,23.340859700112,0.6930152499381844,0.25945597887039185,19.74389998940751
002898.npy,0.004663813,23.312589135116887,0.692212553377524,0.2677063047885895,19.94839997496456
002899.npy,0.0051215035,22.90602531907098,0.668807144524388,0.26146402955055237,19.955399999162182
002900.npy,0.003716395,24.298781595735505,0.8209908797835447,0.17982257902622223,20.32009998220019
002901.npy,0.0054556755,22.631514578203387,0.8778408087935178,0.10094837844371796,19.915000011678785
002902.npy,0.005471655,22.618812853052933,0.884168234978836,0.0940866470336914,19.97360002133064
002903.npy,0.0056454875,22.48298548145747,0.8751322286600228,0.1097663938999176,19.73920001182705
002904.npy,0.0011385032,29.43665736512066,0.8222854915133938,0.14164111018180847,19.833800004562363
002905.npy,0.0016552566,27.811346614716367,0.878575571304202,0.08708120882511139,19.87700001336634
002906.npy,0.0013946099,28.555472661495727,0.88688444614348,0.09090811759233475,19.907599984435365
002907.npy,0.0012951231,28.876889382720016,0.8912532443623543,0.0911308079957962,20.12040000408888
002908.npy,0.004594451,23.3776639907124,0.7256397058342975,0.3298604488372803,19.855899998219684
002909.npy,0.000951039,30.218016477440596,0.6627374726520479,0.4264867305755615,20.418700005393475
002910.npy,0.0010931497,29.61320342412467,0.6635195108523368,0.4201791286468506,20.44759999262169
002911.npy,0.000908601,30.416267859395276,0.6634507965140045,0.42628633975982666,20.411400008015335
002912.npy,0.002492712,26.03327899181263,0.8542792949004882,0.13387322425842285,20.229099987773225
002913.npy,0.00025396154,35.95232076471803,0.8920407860398293,0.2228078842163086,20.244400016963482
002914.npy,0.00016020823,37.953151714339285,0.9212259880952836,0.1573762148618698,20.92340000672266
002915.npy,0.00018045072,37.436413828558436,0.9403283283529281,0.14139392971992493,20.756199985044077
002916.npy,0.0018227132,27.392816681366977,0.7138590539348777,0.2513159513473511,21.25789999263361
002917.npy,0.0017090377,27.672483380169165,0.7838483737645149,0.2180914431810379,21.159600000828505
002918.npy,0.0016219295,27.89968061789577,0.8057777478414383,0.19186797738075256,21.0977999959141
002919.npy,0.0014940965,28.256213732400557,0.7871578555098996,0.24041226506233215,20.285299979150295
002920.npy,0.0103630265,19.845133814948547,0.6984577047837586,0.29032790660858154,20.371499995235354
002921.npy,0.0012687405,28.966272107672673,0.7579274146178067,0.30037060379981995,20.409599994309247
002922.npy,0.0012663829,28.97434996799739,0.7357291564724566,0.28346505761146545,20.329399994807318
002923.npy,0.0011901876,29.243845682202625,0.7374397774586156,0.2791789174079895,20.36629998474382
002924.npy,0.002639473,25.78482810325278,0.5594506384445466,0.44478511810302734,20.332399988546968
002925.npy,0.005593421,22.523224793082587,0.22901895197404268,0.9867470860481262,20.38990001892671
002926.npy,0.0060655153,22.17132290209983,0.243095919038916,0.9635304808616638,20.424399990588427
002927.npy,0.006010499,22.21089493631045,0.2254590972455903,1.0149812698364258,20.398299995576963
002928.npy,0.0059429007,22.26001565741623,0.7160928690142594,0.30799707770347595,20.325699995737523
002929.npy,0.005745506,22.406717410013886,0.5180852998912241,0.4831632375717163,20.4061999975238
002930.npy,0.0059838407,22.23019966432824,0.5173108872221115,0.47998255491256714,20.357899978989735
002931.npy,0.005561384,22.54817117898046,0.4950697076502731,0.4925464391708374,20.55420001852326
002932.npy,0.0013154764,28.809169689647693,0.8361632101800666,0.16341595351696014,19.736099988222122
002933.npy,0.0007776695,31.092049463436595,0.8913310518370458,0.1518380343914032,19.895799981895834
002934.npy,0.0007297571,31.36821625164071,0.8983651554000973,0.15070481598377228,19.995500013465062
002935.npy,0.00067508005,31.70644747577633,0.9010822678390872,0.14924323558807373,19.920799997635186
002936.npy,0.00066072,31.799825506202733,0.8929454847407341,0.10817528516054153,19.929900008719414
002937.npy,0.001586134,27.99660135354818,0.6839291109698266,0.3133871257305145,19.93070001481101
002938.npy,0.0017152852,27.656636394427856,0.6849052356787235,0.29181206226348877,19.881200016243383
002939.npy,0.0013439253,28.716248679450665,0.7075617831151485,0.3267907202243805,19.9748000013642
002940.npy,0.0065179504,21.85888937813358,0.7385428729951419,0.29864978790283203,19.928399997297674
002941.npy,0.0019201816,27.16657707178786,0.6245176714721322,0.4990544319152832,19.9410000059288
002942.npy,0.002091247,26.795946881782186,0.6351771662231163,0.4834493398666382,19.747499987715855
002943.npy,0.0020146118,26.95808609339627,0.6212473017637357,0.471614271402359,19.74810002138838
002944.npy,0.004551947,23.41802789944142,0.6520026339054299,0.3648112416267395,19.778399990173057
002945.npy,0.0037168828,24.298211363862514,0.70698083956673,0.33772343397140503,19.83400000608526
002946.npy,0.0036913792,24.328113162252528,0.7190868256819732,0.3516639471054077,19.727899983990937
002947.npy,0.0039263433,24.0601172201028,0.7020792120939047,0.3022436499595642,19.865000009303913
002948.npy,0.0030334326,25.18065660967627,0.8119441014802992,0.20417657494544983,19.81219998560846
002949.npy,0.0041141463,23.857202449165122,0.34782353024769297,0.7742184996604919,19.82410001801327
002950.npy,0.0033915462,24.696022959832472,0.3677850790273398,0.7535713315010071,19.815199979348108
002951.npy,0.003531817,24.52001806076536,0.3676991134615758,0.6979323029518127,19.711900007678196
002952.npy,0.0023471918,26.2945142961988,0.8135596045838259,0.25701647996902466,19.71699998830445
002953.npy,0.0006251762,32.03997557128878,0.9310537884215229,0.10756542533636093,19.958100019721314
002954.npy,0.000986065,30.06094412264364,0.889980002653433,0.14140452444553375,19.76599998306483
002955.npy,0.00084121816,30.750913390854308,0.9107892644305275,0.09729497879743576,19.916899997042492
002956.npy,0.003956808,24.02655033462584,0.5587569180281339,0.41049981117248535,20.34519999870099
002957.npy,0.0023662988,26.25930433842212,0.7101587357759122,0.35775160789489746,20.178499980829656
002958.npy,0.001914641,27.17912635740459,0.7013841560338335,0.3665769398212433,20.331300009274855
002959.npy,0.0019690762,27.05737483993027,0.6800728739655688,0.4050433337688446,20.341600000392646
002960.npy,0.003010843,25.213118917391306,0.7706451332214735,0.25068479776382446,20.393300015712157
002961.npy,0.0003435429,34.640190260090854,0.926259697312355,0.11215515434741974,20.35579999210313
002962.npy,0.0002993812,35.23775450073699,0.9314866139678956,0.123325414955616,20.381400012411177
002963.npy,0.00057760824,32.38366620364433,0.9132529986967445,0.11535313725471497,20.523999992292374
002964.npy,0.0014558886,28.368718546677165,0.8807472650917471,0.11582445353269577,20.49929997883737
002965.npy,0.0010287486,29.87690746238831,0.8543549211881049,0.14223647117614746,21.007899980759248
002966.npy,0.0013581009,28.670679453182878,0.8502071596871018,0.15570129454135895,21.57240000087768
002967.npy,0.0013310376,28.75809672527059,0.857038800037302,0.1534751057624817,21.165899990592152
002968.npy,0.004070414,23.903613997610172,0.5329831669414392,0.45080041885375977,21.405199979199097
002969.npy,0.0004203146,33.764255336080325,0.9038076066584587,0.2392565757036209,21.247299999231473
002970.npy,0.0004946756,33.05679500569218,0.8809866720708981,0.299596905708313,21.24470000853762
002971.npy,0.00038615573,34.13237515921358,0.909774914226532,0.2841705083847046,22.44790000258945
002972.npy,0.00040251864,33.9521401348888,0.906291450061202,0.10354447364807129,22.453200013842434
002973.npy,0.07404058,11.305301852406819,0.2638171979434665,0.5577582716941833,22.513699979754165
002974.npy,0.074512616,11.277701634184831,0.260327705377588,0.5916736125946045,22.578599979169667
002975.npy,0.07478158,11.262053447188363,0.2634950018704428,0.5861222147941589,22.98880001762882
002976.npy,0.008781654,20.564236714520526,0.6898550181330626,0.42140957713127136,23.072400013916194
002977.npy,0.0013261727,28.77399925967525,0.716224276285274,0.3040122985839844,23.01649999571964
002978.npy,0.0013633381,28.653964482340015,0.7533179354254007,0.2963443696498871,20.645400014473125
002979.npy,0.001424288,28.4640217410385,0.7200008607234955,0.3164762854576111,20.636099972762167
002980.npy,0.0026549667,25.759409385908633,0.5926087875469062,0.37596750259399414,20.597599999746308
002981.npy,0.07402667,11.306118002188825,0.25846123238048535,0.5757176280021667,20.603699987987056
002982.npy,0.0747093,11.26625305449558,0.26204826718275026,0.6078876852989197,20.47750001656823
002983.npy,0.07387638,11.31494400301451,0.26493505073378026,0.591324508190155,20.518400007858872
002984.npy,0.0022701651,26.43942548476921,0.7283509092191048,0.22596774995326996,20.50399998552166
002985.npy,0.0021832034,26.609058397313454,0.4289712558110461,0.5020479559898376,20.492699986789376
002986.npy,0.0020293472,26.926435994456984,0.44057889770616865,0.5481864809989929,20.485000015469268
002987.npy,0.0022494707,26.479196862734568,0.41032347591162843,0.5208750367164612,20.501299994066358
002988.npy,0.001874466,27.27122415875282,0.5946481769234687,0.4680773913860321,20.495599979767576
002989.npy,0.001818961,27.40176607592606,0.5784320751057491,0.46877920627593994,20.546600018860772
002990.npy,0.0018339362,27.366157607038424,0.6035880912753516,0.41415345668792725,20.532700000330806
002991.npy,0.0018318621,27.371071856204132,0.602123383455731,0.4113568663597107,20.390899997437373
002992.npy,0.007773298,21.09394683091876,0.8189352038246095,0.17767062783241272,20.382100017741323
002993.npy,0.0036568812,24.368891641352477,0.7987765201270319,0.22358804941177368,20.416799990925938
002994.npy,0.004158103,23.81104758904794,0.7824965423017657,0.20605143904685974,19.94850000482984
002995.npy,0.003954564,24.029013409141903,0.7872231887227679,0.22670158743858337,19.971900008386
002996.npy,0.0014024859,28.531015138075905,0.7988708788182456,0.24102552235126495,19.995999988168478
002997.npy,0.0009112081,30.403824041395797,0.7409087732230425,0.2901488244533539,19.895900011761114
002998.npy,0.00094839255,30.230118776770304,0.7342653768662065,0.26763808727264404,19.898800004739314
002999.npy,0.0007503998,31.247073210926047,0.7678314971314668,0.3289749324321747,19.950599991716444
003000.npy,0.002776476,25.565060552897716,0.8440149581443146,0.13492101430892944,19.890900002792478
003001.npy,0.00040475168,33.9281135482735,0.8911932528579235,0.3445957899093628,19.95300000999123
003002.npy,0.00033370577,34.766362682614414,0.8876917021030187,0.40176403522491455,20.03559999866411
003003.npy,0.00048274634,33.16281021832052,0.8721007540299892,0.39278119802474976,19.999100011773407
003004.npy,0.00256538,25.90848298920116,0.7765473028110266,0.19255608320236206,20.05080002709292
003005.npy,0.0033370706,24.76634607158539,0.794874995855242,0.17775705456733704,20.001099997898564
003006.npy,0.0034826517,24.580899682236574,0.7938856806933134,0.18480584025382996,20.019099989440292
003007.npy,0.003494527,24.56611618528199,0.7973184078255426,0.1919063776731491,20.026200014399365
003008.npy,0.0015268946,28.161909420642534,0.8390693242453039,0.16696259379386902,20.041899988427758
003009.npy,0.0023786987,26.236605785470857,0.4924369387621642,0.5155865550041199,19.913500000257045
003010.npy,0.0023500584,26.289213623498547,0.486421591658812,0.5297072529792786,20.039399998495355
003011.npy,0.0038688474,24.124184035267092,0.39940401077613885,0.6109054088592529,20.067399978870526
003012.npy,0.005161031,22.87263503759336,0.598656542770877,0.3854354918003082,19.804000010481104
003013.npy,0.00023536963,36.282495611060895,0.9682077464073896,0.0814303383231163,19.891399977495894
003014.npy,0.000301297,35.21005183194737,0.9537883717349768,0.15334156155586243,19.925300002796575
003015.npy,0.00027042223,35.67957613175406,0.9583989196510315,0.12413378059864044,19.90829998976551
003016.npy,0.005072642,22.947658151290963,0.76867537969766,0.2434353232383728,19.904299988411367
003017.npy,0.0015943977,27.97403326479346,0.44405048186922075,0.7564175128936768,19.93490001768805
003018.npy,0.0016225488,27.898022551108195,0.4421637834221125,0.7644815444946289,19.99850000720471
003019.npy,0.0016265726,27.887265595330668,0.4442489153294563,0.77906334400177,19.89779999712482
003020.npy,0.001559417,28.07037747008549,0.8408793852708936,0.18401817977428436,19.789299985859543
003021.npy,0.0032774718,24.84461031170323,0.8292662332514524,0.2309536337852478,19.851699995342642
003022.npy,0.0031014048,25.08441572541132,0.8321109655578136,0.23024505376815796,19.96299999882467
003023.npy,0.0031777048,24.97886460216344,0.841865141021952,0.2240959256887436,19.926799985114485
003024.npy,0.00077454065,31.10955788411357,0.661772565695405,0.5053406953811646,19.836200022837147
003025.npy,0.0010752137,29.685052361348603,0.6320428594331742,0.472126305103302,21.405700012110174
003026.npy,0.001033277,29.85783244099612,0.637308412517786,0.48373478651046753,19.74399999016896
003027.npy,0.0012597275,28.99723368379654,0.6167056200196892,0.4896339774131775,19.809799996437505
003028.npy,0.0047564227,23.227195782272368,0.6210296799550168,0.3311541676521301,19.76610001293011
003029.npy,0.0036339639,24.396194080984586,0.7944016293122769,0.18157759308815002,19.889599992893636
003030.npy,0.0036115455,24.423068918010856,0.7994556505678893,0.17892783880233765,19.90669997758232
003031.npy,0.003613299,24.420961250943304,0.7937411534410715,0.18405260145664215,19.867799972416833
003032.npy,0.00346195,24.60679204014369,0.5512178961925227,0.4516493082046509,19.88469998468645
003033.npy,0.00397034,24.01172334081916,0.5723769871132989,0.472340852022171,19.86390000092797
003034.npy,0.0037395284,24.271831629220948,0.575659231491056,0.47699418663978577,19.756299996515736
003035.npy,0.0037189657,24.295778323970154,0.5606002815705913,0.5007587671279907,19.820000015897676
003036.npy,0.012620894,18.989098830122803,0.5920038530129101,0.44633328914642334,19.919500016840175
003037.npy,0.0010659652,29.722570066769777,0.9223252135634422,0.07439325004816055,20.009600004414096
003038.npy,0.0013215886,28.789037349542713,0.9085490989031791,0.07367447018623352,20.26069999556057
003039.npy,0.0011622896,29.34685618038592,0.9184974725944995,0.0783310979604721,20.224600011715665
003040.npy,0.0014376976,28.423324712204973,0.834000247900486,0.1469942033290863,20.143499976256862
003041.npy,0.0020284234,26.92841381489982,0.8618320517446697,0.1688295155763626,20.2815999800805
003042.npy,0.0022340585,26.50905488302687,0.850548987914659,0.1708001047372818,20.230299996910617
003043.npy,0.0023476752,26.293620131053924,0.8601833098972886,0.17866197228431702,20.535999996354803
003044.npy,0.0076259766,21.177045365686954,0.21491293252236124,0.9145796298980713,20.550500019453466
003045.npy,0.001023296,29.899986906739446,0.5665935630664826,0.6438849568367004,20.609800005331635
003046.npy,0.0008038465,30.94826861714397,0.6821362064560009,0.5549113154411316,19.985100021585822
003047.npy,0.00083602755,30.77779412768491,0.6291647320313454,0.6107418537139893,19.86529998248443
003048.npy,0.0011809557,29.27766399908967,0.7929267514143884,0.2650407552719116,19.894299999577925
003049.npy,0.0003273816,34.8494576569286,0.9478765836079717,0.13258980214595795,19.931599992560223
003050.npy,0.0003317107,34.792405009231,0.9399190047379136,0.18211030960083008,19.925200002035126
003051.npy,0.00029494925,35.302527096044976,0.9328401397659779,0.2223111242055893,19.99430000432767
003052.npy,0.00181278,27.41654895582203,0.8234056177542954,0.22041311860084534,20.01370000652969
003053.npy,0.0011766166,29.293650570589914,0.7691892951345444,0.29517263174057007,20.044199976837263
003054.npy,0.0011299914,29.469248650095675,0.77164799657657,0.2836511731147766,20.05670001381077
003055.npy,0.0010877841,29.634572723862085,0.7712616235744953,0.30033472180366516,19.950099987909198
003056.npy,0.0040588477,23.915972758219517,0.6986342614669315,0.34149688482284546,19.922499981475994
003057.npy,0.0008862659,30.524359520970986,0.8698114805611223,0.2494996190071106,19.968300010077655
003058.npy,0.001219301,29.13889088959627,0.8041486121424753,0.3162960708141327,20.005099999252707
003059.npy,0.00091828546,30.370223100826227,0.8473117261449096,0.28842148184776306,19.94209998520091
003060.npy,0.006462851,21.895758752300722,0.74404047369208,0.25362467765808105,20.06100001744926
003061.npy,0.0011752426,29.29872467010387,0.865185837543875,0.22675633430480957,20.042099989950657
003062.npy,0.0010831859,29.652970010963653,0.8742681515966393,0.1972973793745041,20.146199996815994
003063.npy,0.00075047964,31.246610878931765,0.9178778119547367,0.09984682500362396,20.116800005780533
003064.npy,0.002436768,26.13185804429567,0.8115628619173318,0.19108322262763977,20.153699995717034
003065.npy,0.0013725644,28.62467271240318,0.8521805591299534,0.18969210982322693,20.070200000191107
003066.npy,0.0020885314,26.80159020944807,0.8319354623657763,0.2181217074394226,19.979900011094287
003067.npy,0.0010034172,29.985184912420884,0.8710158555262982,0.19916261732578278,20.12640002067201
003068.npy,0.0018041468,27.437281382382096,0.8483681699992157,0.1622152477502823,20.038099988596514
003069.npy,0.0061922483,22.081516384127035,0.19780449695954053,0.9383946061134338,19.927900022594258
003070.npy,0.004788419,23.198078431391078,0.22479248843840882,0.9277371764183044,19.91130001260899
003071.npy,0.0044718236,23.495153571885545,0.23556815607511997,0.8984287977218628,19.96889998554252
003072.npy,0.0031798347,24.975954791252146,0.8433870345920622,0.25672319531440735,19.956100004492328
003073.npy,0.0004668926,33.30783021710704,0.8568886774075329,0.39524367451667786,19.910700008040294
003074.npy,0.00031504876,35.01622220922326,0.8804629751834869,0.3381541967391968,19.964300008723512
003075.npy,0.00031206704,35.05752080929154,0.8684151630152463,0.3629915416240692,20.36450000014156
003076.npy,0.002335593,26.31602800921769,0.8160873058637734,0.18180908262729645,19.973799993749708
003077.npy,0.0011535339,29.379696105555333,0.8546620976966619,0.30463433265686035,19.83150001615286
003078.npy,0.0011261739,29.483945320019586,0.8291151988946814,0.22017422318458557,19.911599985789508
003079.npy,0.0015438413,28.113973468759372,0.8240517268610913,0.2384544312953949,19.77220000117086
003080.npy,0.00097226986,30.122131817588116,0.8850652689974308,0.15408962965011597,19.80490001733415
003081.npy,0.0012070185,29.18286062786752,0.7973880520232136,0.27291983366012573,19.986200000857934
003082.npy,0.0014658892,28.33898895859937,0.7630822841866203,0.2896566390991211,19.86980001674965
003083.npy,0.0014917403,28.26306784033551,0.7503419397485238,0.26562339067459106,19.976999989012256
003084.npy,0.006410267,21.931238623919572,0.7113769959392361,0.22836093604564667,19.888499984517694
003085.npy,0.0011694378,29.32022921490752,0.8199935593726635,0.22744928300380707,19.849700009217486
003086.npy,0.0014160066,28.489347108379942,0.8221316082609892,0.23848454654216766,19.786399992881343
003087.npy,0.001912592,27.18377654361399,0.8049184134696126,0.2294480800628662,19.80459998594597
003088.npy,0.0038172947,24.182443127317296,0.7382192718010135,0.2746143341064453,19.730100000742823
003089.npy,0.0021155346,26.745798347405632,0.8139767611651034,0.23930728435516357,19.915400014724582
003090.npy,0.0021196273,26.737404930084942,0.8065433103712247,0.21410097181797028,19.932299997890368
003091.npy,0.0023430558,26.302173468356784,0.798482060586527,0.24210132658481598,19.883800006937236
003092.npy,0.0015115634,28.205736420222273,0.6865297068096139,0.2657477557659149,19.74690001225099
003093.npy,0.0035473024,24.501017681213742,0.6544077911638732,0.21442997455596924,19.765699980780482
003094.npy,0.0029492492,25.30288524062033,0.7042126330334433,0.23525355756282806,20.70860000094399
003095.npy,0.0029860015,25.249099819354186,0.7041659807591122,0.23679617047309875,20.7261000177823
003096.npy,0.0033953185,24.69119497462951,0.7094108453966025,0.278910756111145,20.702200010418892
003097.npy,0.0025659967,25.90743888917877,0.7336000850415174,0.2530294358730316,20.079500012798235
003098.npy,0.002813905,25.506905998505218,0.7380392743743668,0.25764599442481995,20.122399990214035
003099.npy,0.0024644383,26.082820549966804,0.7334542220335454,0.25845879316329956,20.282599987694994
003100.npy,0.0036934158,24.32571768188771,0.7613754785491866,0.22152242064476013,20.221499988110736
003101.npy,0.0057670535,22.39046002845974,0.648575893169053,0.328543484210968,20.23110000300221
003102.npy,0.006104397,22.14357229399177,0.6422711113404036,0.35891658067703247,20.273700007237494
003103.npy,0.005116529,22.910245869140617,0.6535461361275315,0.3191673159599304,20.366999990073964
003104.npy,0.00025070595,36.00835348248217,0.9295727691591084,0.10907233506441116,20.25630002026446
003105.npy,0.00033578902,34.73933510691725,0.931718120548673,0.09208715707063675,20.17370000248775
003106.npy,0.00019064166,37.197821923625696,0.9484808841180802,0.08874092996120453,20.201000006636605
003107.npy,0.00027767764,35.56459089761781,0.9397617118477524,0.10864485055208206,20.246700005372986
003108.npy,0.0013797781,28.60190752657539,0.7742819351214617,0.2627352774143219,20.220600010361522
003109.npy,0.0011869128,29.255811847486616,0.8062417896689326,0.3021914064884186,20.269100001314655
003110.npy,0.0013525134,28.688583916609346,0.7887987896006889,0.2769216299057007,19.848199997795746
003111.npy,0.0012257878,29.11584718096804,0.8112285302408189,0.2580532431602478,20.02850000280887
003112.npy,0.0019465049,27.107444821166723,0.8566705239376584,0.2965504825115204,19.74829999380745
003113.npy,0.0029257564,25.33761810906406,0.8150607398525626,0.20338422060012817,19.75110001512803
003114.npy,0.0026526996,25.76311960028644,0.8223808366592321,0.19405126571655273,19.80889998958446
003115.npy,0.002509553,26.004036039312247,0.8256618288990185,0.19395972788333893,19.848600000841543
003116.npy,0.00045594698,33.41085661476422,0.762599439710617,0.5213565826416016,19.997800001874566
003117.npy,0.00012651803,38.978475770424325,0.9252723967044354,0.28926026821136475,19.923600018955767
003118.npy,0.0004570141,33.400704084726726,0.9135169825142734,0.24803221225738525,19.963600003393367
003119.npy,0.0001151953,39.38565244041075,0.9493772849624157,0.18933738768100739,19.853800011333078
003120.npy,0.00023037504,36.37564579649674,0.9166532769537568,0.21876920759677887,19.771599996602163
003121.npy,0.002796105,25.53446482238948,0.6504718642138033,0.37117838859558105,19.770099985180423
003122.npy,0.0024773031,26.060208870332723,0.6354480581068601,0.4081128239631653,19.875099998898804
003123.npy,0.0023735845,26.2459530794207,0.6515359387790263,0.3974953293800354,19.864400004735216
003124.npy,0.00042652458,33.70055952557817,0.9365117244689465,0.17436450719833374,19.932400027755648
003125.npy,0.0002958554,35.28920490210066,0.9004909099974632,0.308125376701355,19.857400009641424
003126.npy,0.00027395852,35.62315220300162,0.9020827904520035,0.31363582611083984,19.883899978594854
003127.npy,0.0002660593,35.750215901843475,0.9011883454995155,0.2916710674762726,19.823199982056394
003128.npy,0.0034436984,24.629748876444914,0.8007313354002759,0.22116217017173767,20.076399989193305
003129.npy,0.00082874816,30.815774309430672,0.6234283084573746,0.5866637825965881,19.95139999780804
003130.npy,0.0010554378,29.765673422142008,0.6058851389424503,0.5421098470687866,19.94540001032874
003131.npy,0.0009362115,30.28626008124396,0.6435481844941378,0.5162088871002197,19.990700006019324
003132.npy,0.0051511563,22.880952448629287,0.6500260030893413,0.26945096254348755,20.208000001730397
003133.npy,0.0010500429,29.787929665143974,0.8300376858795881,0.24501019716262817,20.144500012975186
003134.npy,0.0012950164,28.877247350715713,0.826144520955123,0.18907564878463745,19.80589999584481
003135.npy,0.0010013131,29.994301292131755,0.8403146995762587,0.2257125973701477,19.760499999392778
003136.npy,0.0046558953,23.319968021532006,0.6995582457680255,0.25809070467948914,19.7737000125926
003137.npy,0.0031453483,25.023312620489175,0.7352654948123424,0.3261278569698334,19.76480000303127
003138.npy,0.003722047,24.292181519187636,0.7279778724922689,0.3151395618915558,19.89339999272488
003139.npy,0.0037771408,24.228368346527013,0.7471022539191614,0.29585060477256775,19.8474999924656
003140.npy,0.0019663852,27.063313971013248,0.832749040789038,0.14973384141921997,20.28599998448044
003141.npy,0.00034400643,34.634334386853844,0.8229747630412578,0.35948923230171204,19.574200006900355
003142.npy,0.00024676314,36.07719714969744,0.8610548416728974,0.31142935156822205,19.61190000292845
003143.npy,0.000323084,34.90684520200087,0.8399059605674744,0.3644636273384094,19.597600010456517
003144.npy,0.000544628,32.639000582055566,0.9107691681886911,0.2592579126358032,19.613799988292158
003145.npy,0.0039037045,24.0852307474592,0.7385128502361477,0.27807876467704773,19.663300015963614
003146.npy,0.0037749188,24.230923813392682,0.7413649596181512,0.2740176022052765,19.635200005723163
003147.npy,0.0036088042,24.42636686790452,0.7477941181359291,0.2764369249343872,19.66809999430552
003148.npy,0.0010419192,29.821659548093493,0.8391707433058396,0.23039865493774414,19.710199994733557
003149.npy,0.0008548508,30.681096589990588,0.8468516902158405,0.18891698122024536,19.807900011073798
003150.npy,0.0007323494,31.352816886023103,0.8656339923782647,0.16801919043064117,19.810099998721853
003151.npy,0.00083561306,30.779947788965334,0.8571183642881438,0.14059126377105713,19.606999994721264
003152.npy,0.0025451381,25.94288633039681,0.8410139941892829,0.10642819106578827,19.62669999920763
003153.npy,0.001045539,29.80659734668304,0.8978821919446588,0.1375056952238083,19.755300018005073
003154.npy,0.0010450573,29.80859864997207,0.896903293112278,0.11285565793514252,19.68300002044998
003155.npy,0.0013239831,28.78117566189752,0.8702319544968083,0.12280839681625366,19.547900010365993
003156.npy,0.0054692323,22.620736248241947,0.6431721261996198,0.3491027057170868,19.615400000475347
003157.npy,0.0016617354,27.79438128200931,0.41756253187537196,0.6858803629875183,19.832399993902072
003158.npy,0.0016589818,27.801583966651684,0.42719868009820583,0.6838013529777527,19.72749998094514
003159.npy,0.0014889163,28.271296949585242,0.4354110576181412,0.6940070986747742,19.868000003043562
003160.npy,0.0021819025,26.611646460497546,0.7971161635211762,0.1872507631778717,19.876900012604892
003161.npy,0.0021437341,26.688290862740743,0.8214507696800902,0.22561341524124146,19.82679998036474
003162.npy,0.004300365,23.664946732084093,0.779711135166307,0.2281385064125061,19.862900022417307
003163.npy,0.003557179,24.488942963952518,0.7768971689093117,0.23437294363975525,20.04740000120364
003164.npy,0.0040118163,23.966589650109608,0.8642966068377719,0.12813350558280945,20.05360001930967
003165.npy,0.0011301218,29.468747771631104,0.8703620818854272,0.14571799337863922,20.019899995531887
003166.npy,0.001545696,28.1087590055194,0.8386466143210195,0.1680554747581482,20.04920001490973
003167.npy,0.001243081,29.05500637135632,0.8748899996518716,0.13409137725830078,20.053999993251637
003168.npy,0.00094587356,30.241669067012637,0.7429068810515403,0.3673567771911621,19.744999997783452
003169.npy,0.0006502407,31.869258598771765,0.7889059776425361,0.29112279415130615,19.78949998738244
003170.npy,0.0008952576,30.4805200193276,0.7717170279771798,0.26741641759872437,19.744599994737655
003171.npy,0.0008254753,30.832958771590654,0.7837560716225654,0.2806364893913269,19.85199999762699
003172.npy,0.0010435671,29.81479637139968,0.7569524123203405,0.4340599477291107,19.763600022997707
003173.npy,0.0010050883,29.97795801860207,0.9035786119701267,0.17338727414608002,19.871700002113357
003174.npy,0.0011852055,29.262063291235204,0.8765522762698159,0.27182167768478394,19.8161999869626
003175.npy,0.00095591607,30.195802604313453,0.8924701962183267,0.24614885449409485,19.842300011077896
003176.npy,0.002189313,26.596921391596776,0.7120219878151417,0.2640429735183716,19.70699999947101
003177.npy,0.005313537,22.746163015085603,0.7131814779837523,0.30334505438804626,19.736100017325953
003178.npy,0.0054600765,22.628012560593426,0.7122407073763888,0.2970046103000641,19.707300001755357
003179.npy,0.0062144212,22.065993299885236,0.7084206477455971,0.28442227840423584,19.830600009299815
003180.npy,0.0004376603,33.5886284608107,0.9102125491633415,0.16081741452217102,20.000799995614216
003181.npy,0.0029002544,25.375639017996356,0.3276487631866317,0.8369916677474976,19.8044000135269
003182.npy,0.0028511563,25.449789718192754,0.32243260095644,0.8604520559310913,19.870699994498864
003183.npy,0.0027317528,25.635586164117186,0.3204724345302582,0.8497035503387451,19.879599974956363
003184.npy,0.005488295,22.60562525551525,0.8023794235598296,0.21603992581367493,21.179100003791973
003185.npy,0.00293256,25.32753097287096,0.8361248883047699,0.19867491722106934,19.891600008122623
003186.npy,0.0028782673,25.40868880017632,0.8271255849854946,0.22016268968582153,19.960800011176616
003187.npy,0.0027915114,25.541605806319563,0.826912990819484,0.19945727288722992,19.90070001920685
003188.npy,0.00056694075,32.464623317213,0.8085251201089024,0.37006253004074097,19.872099976055324
003189.npy,0.004072881,23.900983106904704,0.2858302366952165,0.8245437145233154,20.9956000035163
003190.npy,0.0046999305,23.27908522880893,0.2558653821168393,0.9225287437438965,21.178499999223277
003191.npy,0.0045376513,23.43168844267915,0.26838561721348575,0.8868861794471741,21.882800007006153
003192.npy,0.00060756283,32.16408806123967,0.9196053631382212,0.10346993803977966,20.10700001846999
003193.npy,0.001639219,27.853630595615414,0.877491216079558,0.15394918620586395,20.131400000536814
003194.npy,0.0018517759,27.32411580871071,0.8588253927448131,0.15359079837799072,20.1766999962274
003195.npy,0.0016989333,27.698236736609218,0.8638832826891094,0.1575983613729477,20.209800015436485
003196.npy,0.0022610854,26.456830208369475,0.7975843942903615,0.21684011816978455,20.08749998640269
003197.npy,0.0023367368,26.313902002311515,0.845556211978998,0.12800176441669464,20.16790001653135
003198.npy,0.002546904,25.93987455104348,0.8348404722934514,0.14617076516151428,20.090799982426688
003199.npy,0.0022511915,26.475875673787876,0.8491361848597825,0.13556033372879028,20.076599990716204
